artist,danceability,energy,key,loudness,mode,speechiness,acousticness,instrumentalness,liveness,valence,tempo,duration_ms,time_signature
99 Percent,0.7029326923076922,0.7852884615384615,6.105769230769231,-5.310769230769229,0.4519230769230769,0.11321346153846158,0.0611831951923077,0.00698496778846154,0.19117211538461543,0.5148269230769231,121.10262500000007,225123.00961538462,3.9423076923076925
A Boogie Wit Da Hoodie,0.6910980392156861,0.6039509803921568,5.46078431372549,-6.666588235294117,0.4411764705882353,0.25046960784313715,0.28466088235294124,7.160980392156863e-06,0.1280519607843137,0.4707666666666667,125.33499999999997,190624.9705882353,4.0
A R I Z O N A,0.6733333333333332,0.6586666666666666,3.1904761904761907,-6.95009523809524,0.9047619047619048,0.05044285714285715,0.14892666666666668,0.08773212000000001,0.13761428571428574,0.3568476190476191,112.62838095238097,190475.47619047618,4.0
AGWA,0.7290000000000001,0.412875,3.375,-9.187375,0.75,0.1545375,0.46135000000000004,1.6374999999999998e-05,0.164875,0.637375,118.620875,198623.25,3.875
ALMA,0.5320499419279904,0.5025284552845525,6.299651567944251,-7.526020905923349,0.9605110336817654,0.08003263646922174,0.6198579558652723,0.005185298826945413,0.1888263646922183,0.8689128919860637,155.4391393728222,194347.71660859467,3.075493612078978
Adan Carmona,0.7348000000000001,0.7036999999999999,4.3,-10.472999999999999,0.4,0.094,0.18137,3.4000000000000003e-07,0.11468,0.6896,119.40099999999998,208598.3,4.0
Adia Victoria,0.4791250000000001,0.5122500000000001,5.708333333333333,-9.309500000000002,0.625,0.06811666666666666,0.45660416666666664,0.4174485420833334,0.14655833333333332,0.35200000000000004,119.22545833333334,214872.20833333334,3.9583333333333335
Alessio Bernabei,0.6002500000000001,0.57075,2.4166666666666665,-6.643333333333332,0.75,0.03768333333333333,0.216875,0.0,0.20553333333333335,0.50275,125.21933333333332,211690.66666666666,3.9166666666666665
Alex Hoyer,0.6852307692307692,0.7095384615384616,5.153846153846154,-5.377538461538462,0.6923076923076923,0.08463846153846152,0.14455384615384614,2.9061538461538458e-05,0.17400769230769234,0.5495846153846153,131.7542307692308,196274.38461538462,3.923076923076923
Alex Roy,0.6835384615384614,0.43900000000000006,4.923076923076923,-8.838,0.9230769230769231,0.07632307692307692,0.3079538461538461,0.026138537692307694,0.1775846153846154,0.427923076923077,107.3987692307692,216047.53846153847,4.0
Alexander Brown,0.7349850746268657,0.7636119402985075,6.552238805970149,-6.893179104477614,0.3880597014925373,0.1167626865671642,0.026066835820895536,0.1557476952238806,0.14565522388059698,0.4531671641791046,129.41510447761198,318641.7164179105,3.955223880597015
Alexander Cardinale,0.6175,0.6515,5.5,-7.2725,1.0,0.0331,0.386,7.049999999999999e-05,0.2805,0.46299999999999997,110.492,194488.0,4.0
Alice,0.6839430894308945,0.7012439024390242,4.983739837398374,-10.46076422764228,0.6260162601626016,0.07733821138211383,0.2785346991869919,0.6115701708130081,0.1921195121951221,0.583240650406504,122.71480487804872,177678.20325203252,3.8780487804878048
Aliose,0.6263809523809523,0.6864285714285716,4.761904761904762,-6.259857142857144,0.14285714285714285,0.08490476190476191,0.13559261904761907,0.01813049095238095,0.20027142857142854,0.3852380952380952,115.8042380952381,270070.3333333333,3.9523809523809526
Alma,0.5320499419279904,0.5025284552845525,6.299651567944251,-7.526020905923349,0.9605110336817654,0.08003263646922174,0.6198579558652723,0.005185298826945413,0.1888263646922183,0.8689128919860637,155.4391393728222,194347.71660859467,3.075493612078978
Amaro Ferreiro,0.5896875,0.5633124999999999,5.03125,-8.516718749999997,0.78125,0.035443749999999996,0.380685,0.012752751250000001,0.15302812500000001,0.44699687499999996,121.2841875,214040.21875,3.90625
Andy Bros,0.6995,0.6550833333333332,5.416666666666667,-9.712666666666667,0.5,0.05000000000000001,0.16044899999999998,0.8962500000000001,0.1812166666666667,0.331,124.32858333333337,396682.25,4.0
Angel,0.4716828193832599,0.8172907488986785,5.436123348017621,-4.750656387665197,0.6872246696035242,0.047766079295154217,0.039305593568282,0.0009305603964757709,0.21275418502202645,0.4286466960352421,134.84269162995582,219643.21585903084,3.907488986784141
Angelica Garcia,0.4992222222222221,0.4962518518518517,4.407407407407407,-8.373222222222223,0.8148148148148148,0.050762962962962975,0.385377,0.002148855925925926,0.2614407407407408,0.3930925925925926,124.99562962962963,214322.03703703705,3.7037037037037037
Anna Puu,0.6090857142857143,0.48970000000000014,5.214285714285714,-9.263842857142855,0.7857142857142857,0.042495714285714276,0.412583,0.07438752828571427,0.13250142857142855,0.4565628571428572,122.14897142857149,210768.41428571427,3.9714285714285715
Annabel Jones,0.6052500000000001,0.6256874999999998,5.625,-7.471375000000002,0.5625,0.08988125,0.222213125,0.0032545625,0.1867,0.3580875,127.18437499999999,203215.5,4.0625
Anteros,0.5988,0.67984,4.92,-6.57044,0.52,0.045388000000000005,0.052847399999999996,0.0028212048,0.196132,0.5417200000000001,123.00944000000001,208633.52,4.0
Arco,0.7343075862068964,0.7280758620689655,5.972413793103448,-5.581227586206898,0.38620689655172413,0.11859586206896555,0.2001006896551724,0.021992759862068962,0.17638896551724137,0.7162027586206897,130.38449655172403,212048.8620689655,4.006896551724138
Arsen,0.7438181818181818,0.8663636363636364,6.909090909090909,-6.343272727272728,0.5454545454545454,0.06269090909090909,0.4622727272727273,3.275e-05,0.22953636363636365,0.8412727272727274,118.64372727272726,180631.54545454544,3.1818181818181817
Asta,0.5200240000000004,0.5249728,5.592,-10.000808000000001,0.768,0.08679200000000002,0.34003933599999975,0.12311968416000003,0.20203759999999996,0.4702016000000002,114.17476799999997,175373.776,3.744
Aubrie Sellers,0.40800000000000003,0.5972428571428573,4.0,-7.648107142857142,0.7857142857142857,0.05216785714285715,0.30595449999999996,0.05899354750000001,0.1486964285714286,0.3545928571428572,124.29257142857145,213057.0357142857,3.9285714285714284
Axel Tony,0.5360416666666666,0.7810000000000001,5.083333333333333,-5.991020833333334,0.625,0.06315624999999998,0.16575833333333334,0.0013240820833333332,0.19695833333333335,0.6043541666666667,146.70343750000004,253942.52083333334,4.104166666666667
Aya Nakamura,0.7193461538461536,0.6545192307692308,4.769230769230769,-6.642173076923077,0.4423076923076923,0.15647499999999998,0.25827538461538463,0.006535638269230769,0.11774807692307693,0.6436346153846153,126.34307692307691,186214.98076923078,4.076923076923077
Ayosha,0.6933567567567568,0.6049859459459459,5.52972972972973,-12.633891891891889,0.5405405405405406,0.06009783783783785,0.30364283621621607,0.11733824243243247,0.1824843243243243,0.7520216216216218,123.73975675675668,278409.05945945944,4.0
BETSY,0.4882352941176472,0.42731764705882364,4.911764705882353,-10.828485294117645,0.8529411764705882,0.044274999999999995,0.503822205882353,0.14624512632352937,0.18284264705882355,0.3885661764705883,114.31869117647058,212761.29411764705,3.764705882352941
Bang For The Buck,0.7383900709219855,0.8297021276595746,6.212765957446808,-5.899078014184396,0.5673758865248227,0.2055936170212766,0.1295112021276595,0.0772834068794326,0.3271546099290781,0.6361985815602839,111.20631205673762,228327.66666666666,4.00709219858156
Banks & Steelz,0.6155,0.8136666666666668,5.0,-5.958333333333335,0.25,0.0959,0.06587241666666667,0.010526016666666667,0.13471666666666665,0.49575000000000014,117.27633333333331,276640.0833333333,4.0
Basic Tape,0.5214722222222223,0.570388888888889,4.5,-6.615916666666667,0.7777777777777778,0.03816666666666668,0.1967401111111112,3.530222222222223e-05,0.14353611111111114,0.4552777777777778,130.0193611111111,211148.13888888888,3.861111111111111
Benjamin Beats,0.7001232876712327,0.8195068493150685,5.52054794520548,-5.926780821917808,0.684931506849315,0.15459863013698633,0.057130904109589056,8.852794520547945e-05,0.27212328767123284,0.5920547945205481,135.56998630136988,180349.87671232875,3.9863013698630136
Benjamin Beilman,0.35918136511375964,0.16625163109425795,5.263271939328277,-18.78483531960996,0.800650054171181,0.05197193932827733,0.9630530877573152,0.3637708994799562,0.21232351029252466,0.3427008667388951,102.54117876489714,274756.62838569883,3.647887323943662
Betsy,0.4882352941176472,0.42731764705882364,4.911764705882353,-10.828485294117645,0.8529411764705882,0.044274999999999995,0.503822205882353,0.14624512632352937,0.18284264705882355,0.3885661764705883,114.31869117647058,212761.29411764705,3.764705882352941
Bl!ndman,0.6046666666666667,0.23577777777777775,7.0,-11.328888888888889,0.6666666666666666,0.078,0.6391111111111111,0.849777777777778,0.16633333333333333,0.2609666666666666,97.2961111111111,156285.33333333334,4.0
Blair,0.46411111111111114,0.45033333333333325,3.8333333333333335,-12.483333333333333,0.8333333333333334,0.046299999999999994,0.6012944444444446,0.6373004944444445,0.1754611111111111,0.5490999999999999,107.81688888888888,110906.5,4.055555555555555
Blonder,0.55072,0.6768400000000001,5.4,-5.97356,0.36,0.04669199999999999,0.27308199999999994,0.0749917088,0.180308,0.6209599999999998,124.42808000000001,190634.96,3.92
Boom Boom Cash,0.6827333333333333,0.814,2.7333333333333334,-3.9741333333333335,0.4666666666666667,0.08213333333333334,0.17103599999999997,1.9942666666666668e-05,0.22236666666666668,0.45886666666666664,130.17299999999997,224293.0,4.0
Brace,0.7021458333333332,0.6023333333333332,5.208333333333333,-8.287458333333332,0.6666666666666666,0.20657916666666673,0.16775708333333336,1.033375e-05,0.14895624999999998,0.5424166666666667,132.67575000000005,166034.02083333334,3.8958333333333335
Brent Cobb,0.5772903225806452,0.5656451612903226,4.967741935483871,-8.461741935483872,0.8064516129032258,0.03820645161290322,0.29942658064516126,0.002957802258064516,0.1381225806451613,0.5429032258064517,114.11235483870966,223355.96774193548,3.935483870967742
Buslav,0.48480000000000006,0.43632,4.2,-11.3095,0.7,0.0415,0.43810000000000004,0.0025721799999999994,0.10983000000000001,0.29209999999999997,121.5391,244966.2,4.0
Calypso Rose,0.6822233009708741,0.6796844660194177,5.223300970873787,-9.734669902912623,0.7961165048543689,0.09472038834951461,0.2906512524271845,0.03457876621359224,0.1945640776699029,0.8208058252427186,116.41494174757287,258828.8058252427,3.9611650485436893
Chantal Kreviazuk,0.5241901840490797,0.5256717791411037,4.030674846625767,-8.066693251533742,0.8650306748466258,0.03457177914110429,0.39934417177914117,0.008502884478527607,0.20553374233128818,0.3829895705521472,117.415263803681,235172.57055214723,3.895705521472393
Chris Holsten,0.653047619047619,0.5698095238095238,5.761904761904762,-7.189714285714285,0.6190476190476191,0.08763809523809522,0.28094857142857144,0.0010131138095238095,0.11242380952380951,0.47200000000000003,114.26514285714285,195259.61904761905,3.9523809523809526
Clap Your Hands Say Yeah,0.4129738562091502,0.7267647058823528,5.091503267973856,-6.3419542483660125,0.8627450980392157,0.05638888888888891,0.19953000699346404,0.21742228300653588,0.1840431372549019,0.34356928104575135,134.3661045751634,229853.19607843139,3.9281045751633985
Claritzel,0.6142456140350881,0.8048157894736849,5.780701754385965,-4.322149122807016,0.5,0.0511219298245614,0.06313655263157897,0.1264406831578947,0.1827236842105262,0.3342166666666666,126.74134210526317,264743.13157894736,3.9649122807017543
Coasts,0.7810000000000001,0.543375,5.875,-8.95775,0.625,0.08549999999999999,0.09155737499999998,0.6571037500000001,0.1449125,0.4008125,124.405625,118181.125,4.0
Code Orange Kids,0.2374,0.6696,1.6,-5.2607,0.7,0.07277,0.034083099,0.8119,0.3312,0.20503999999999997,108.91199999999999,163318.7,3.8
Cookin' On 3 Burners,0.6925833333333333,0.69575,6.0,-6.286583333333334,0.25,0.044149999999999995,0.17556666666666668,0.06817563250000001,0.1778666666666667,0.467,125.57575000000001,206993.5,4.0
Coro de Monjes del Monasterio Benedictino de Santo Domingo de Silos,0.6019999999999996,0.5902999999999998,5.5,-8.881400000000017,0.4,0.03074999999999999,0.11766800000000009,9.459299999999994e-05,0.1650000000000002,0.31121000000000026,115.67159999999981,213046.2,4.0
Cosculluela,0.6126428571428572,0.6009285714285716,4.25,-5.738392857142857,0.9285714285714286,0.06194285714285715,0.2977142857142857,4.306428571428571e-06,0.16195357142857145,0.4855714285714286,127.14482142857146,205867.57142857142,3.7857142857142856
Coyote Kisses,0.5666111111111111,0.8253333333333335,6.388888888888889,-5.844777777777777,0.1111111111111111,0.061266666666666664,0.02258372222222222,0.36380572222222224,0.23301666666666668,0.3660444444444444,140.0487777777778,248946.88888888888,4.0
Creeper,0.6384000000000004,0.6551999999999997,6.485714285714286,-7.157042857142856,0.5142857142857142,0.08649214285714281,0.3055182714285714,0.21421614214285709,0.2034628571428571,0.4726814285714284,125.40229285714281,238715.15,3.9714285714285715
Cuckoolander,0.4945714285714286,0.5708571428571428,5.5,-5.918714285714286,0.42857142857142855,0.05877857142857144,0.16124999999999998,0.00141256,0.18134999999999996,0.3699285714285715,107.739,214533.35714285713,4.0
Dae Dae,0.7072321428571425,0.6044821428571429,4.821428571428571,-8.622607142857142,0.6607142857142857,0.23332678571428578,0.08786636250000002,4.0661428571428565e-05,0.23098392857142852,0.4318482142857144,130.74583928571423,183993.80357142858,3.875
Daniella Mason,0.3836764705882353,0.6100588235294115,5.911764705882353,-7.906735294117645,0.8235294117647058,0.03689999999999999,0.16145620294117652,0.00023714676470588237,0.3723705882352941,0.20176470588235298,124.31147058823527,389460.20588235295,4.0
David Aaron Carpenter,0.4291054299889746,0.14316395534729864,5.458379272326351,-20.202502480705604,0.7298787210584344,0.06272417309812567,0.9531243109151076,0.5098719013506076,0.15777006615214995,0.44654751929437836,107.46861852260207,263629.0542998898,3.6689636163175305
David Soliz,0.3552585714285715,0.19828142857142855,5.514285714285714,-19.02492857142857,0.7571428571428571,0.03944428571428571,0.8734428571428574,0.8825285714285713,0.12881285714285717,0.13132,108.01798571428571,267725.0142857143,3.8285714285714287
De La Ghetto,0.7419251336898394,0.7848449197860964,5.9411764705882355,-5.859139037433153,0.5026737967914439,0.1751251336898395,0.17751925133689847,0.008801115401069518,0.2457893048128341,0.7055363636363633,113.11315508021384,185476.6256684492,3.9946524064171123
Dear John,0.6119000000000001,0.5740283018867917,5.005660377358491,-7.791337735849058,0.8452830188679246,0.1991462264150942,0.27436026000000013,0.1126425939999999,0.18484999999999993,0.44562471698113204,119.35611509433964,215433.21132075472,3.858490566037736
Delafe,0.5838461538461538,0.5635384615384615,5.384615384615385,-6.190153846153847,0.38461538461538464,0.0961,0.1776307692307692,0.0011598892307692309,0.1243,0.3086923076923076,114.59661538461538,193230.53846153847,3.923076923076923
Dexys,0.48653448275862055,0.6290086206896551,5.025862068965517,-9.562862068965515,0.7155172413793104,0.09896120689655177,0.30665199999999987,0.1442080123275862,0.3508474137931033,0.594465517241379,132.145025862069,261377.94827586206,3.939655172413793
Dirty Dancerz,0.6367058823529409,0.7492610294117648,5.981617647058823,-5.106955882352942,0.6985294117647058,0.05100147058823529,0.18712212499999992,0.003551224485294117,0.15504669117647057,0.5629393382352942,117.38328308823532,234570.76838235295,3.985294117647059
Dominique Blanc-Francard,0.5067235023041473,0.4043241935483872,5.709677419354839,-10.902995391705069,0.7119815668202765,0.053781336405529914,0.6788521889400926,0.0631793723732719,0.1538228110599078,0.5073133640552996,111.39787327188931,166203.69815668202,3.7672811059907834
Dr. Bone,0.568409691629956,0.7667775330396476,5.506607929515418,-7.234449339207051,0.6475770925110133,0.06695859030837006,0.15136458325991192,0.015511462687224677,0.19424581497797352,0.6971497797356829,124.78495594713651,216962.12334801763,3.951541850220264
ELHAE,0.5725833333333333,0.439125,5.083333333333333,-11.824083333333334,0.4166666666666667,0.2528708333333334,0.4767333333333334,0.024866434999999996,0.25028333333333336,0.40191249999999995,119.52233333333335,201378.16666666666,4.0
Eagle And The Worm,0.5067727272727273,0.6950454545454545,5.318181818181818,-6.364136363636363,0.7272727272727273,0.040604545454545456,0.055745681818181805,0.18276258090909092,0.1591136363636364,0.5222363636363635,116.36890909090909,281660.0909090909,3.9545454545454546
Eebz,0.7331428571428572,0.6645714285714285,3.7857142857142856,-6.197857142857143,0.42857142857142855,0.0836,0.19571428571428573,8.771428571428572e-06,0.12375714285714287,0.5661428571428572,117.42800000000004,191955.85714285713,4.071428571428571
Elias,0.4573713080168773,0.6878860759493673,5.772151898734177,-7.405953586497889,0.620253164556962,0.06379240506329116,0.33927949367088645,0.05344226691983123,0.4658194092827003,0.4622320675105487,112.86462869198316,299497.8143459916,4.0168776371308015
Elias Gould,0.5833,0.6188,5.1,-7.5649,0.5,0.04313,0.21200200000000002,0.010874797000000002,0.21591999999999997,0.5255,119.86150000000002,181826.2,3.7
Emilie Adams,0.724181818181818,0.6665757575757575,4.606060606060606,-7.717969696969696,0.42424242424242425,0.0499060606060606,0.11052842424242426,0.49022903030303033,0.1416090909090909,0.31541515151515165,115.48460606060607,291809.54545454547,4.0
Emma Smetana,0.7666666666666667,0.5980000000000001,4.166666666666667,-9.073888888888888,0.6666666666666666,0.25048888888888887,0.22136444444444445,0.007832055,0.2798333333333333,0.5002222222222222,130.23216666666667,156901.22222222222,3.9444444444444446
Endor,0.4605862068965517,0.7840689655172415,4.310344827586207,-5.774810344827586,0.7241379310344828,0.0532706896551724,0.14529751724137935,0.20023186948275862,0.29808275862068956,0.41727241379310354,129.99391379310342,274273.4137931034,3.913793103448276
Enea,0.6205660377358492,0.6218679245283021,4.339622641509434,-5.6666037735849075,0.6226415094339622,0.07448301886792452,0.3129716981132076,0.011911178867924527,0.14405849056603776,0.3545471698113206,123.29283018867923,207947.71698113208,4.018867924528302
Eugeniusz Bodo,0.6131250000000004,0.4031625000000001,4.65,-10.309325000000005,0.85,0.14954874999999998,0.9667749999999996,0.06553995537500001,0.26621875,0.653725,118.11453750000001,169749.875,3.8875
FACE,0.40295402298850574,0.8447701149425285,3.2988505747126435,-4.523804597701151,0.6551724137931034,0.07129310344827584,0.038872585057471265,0.00010173678160919543,0.18789080459770113,0.42086091954022997,140.25143678160921,206262.72413793104,3.8045977011494254
Faarrow,0.46664897260274024,0.3393948630136988,4.9006849315068495,-13.793623287671243,0.9195205479452054,0.07721969178082189,0.612176609589041,0.009108227071917809,0.30805034246575363,0.4673368150684932,113.50179623287686,218795.63356164383,3.796232876712329
Faustix,0.6618230769230771,0.8146692307692307,5.484615384615385,-5.514923076923076,0.5461538461538461,0.12246076923076926,0.09401667230769224,0.23232227484615386,0.19013769230769237,0.47211923076923074,131.17185384615388,245642.36923076923,3.9384615384615387
Felix Snow,0.6894509803921571,0.6054705882352938,4.764705882352941,-7.110588235294117,0.45098039215686275,0.0980294117647059,0.2530435294117647,0.018392417843137245,0.14386470588235295,0.4180392156862746,121.03845098039214,191734.3725490196,4.019607843137255
Fever High,0.7051818181818181,0.8390909090909091,4.7272727272727275,-5.7135454545454545,0.7272727272727273,0.046036363636363646,0.028053881818181824,0.061812161818181825,0.08401818181818183,0.7777272727272727,135.98945454545452,197909.54545454544,4.0
Flor,0.23007815942789242,0.6568290130435693,5.211033492558743,-23.013330590606977,0.658779026424055,0.15714979705662596,0.5548904668556202,0.6272167967001846,0.5100697131181565,0.050142198194215615,99.7978339453836,157198.6318855786,3.553220863130574
Flybear,0.5665,0.6739999999999999,5.5,-6.294,1.0,0.16015000000000001,0.23457999999999998,0.41735,0.48075,0.43674999999999997,138.60424999999998,201460.0,4.25
Foy Vance,0.48055725190839704,0.3935557251908397,5.320610687022901,-10.15720610687023,0.9465648854961832,0.05800610687022902,0.5901389312977104,0.01647963160305344,0.3020152671755727,0.3558053435114503,112.28668702290072,268496.0610687023,3.7099236641221376
Freddy Verano,0.7319692307692307,0.7586461538461533,4.953846153846154,-5.195692307692309,0.5692307692307692,0.07303230769230766,0.08085006153846154,0.03941813169230771,0.16145692307692305,0.5153538461538462,122.51223076923078,211189.0153846154,4.0
Full,0.7227333333333334,0.5540444444444445,4.8,-7.346133333333333,0.7333333333333333,0.12261111111111116,0.2826844444444445,6.295488888888888e-05,0.14533333333333334,0.5414666666666668,113.30906666666665,203766.13333333333,4.0
Gallant,0.6454137931034484,0.6073965517241379,5.327586206896552,-6.491965517241377,0.6896551724137931,0.07276034482758617,0.2860443103448276,0.01982329275862069,0.1795810344827586,0.47841379310344834,115.3489482758621,191871.39655172414,3.8275862068965516
Gemellini,0.706875,0.8076249999999999,5.5,-4.960875000000001,0.75,0.137125,0.040046874999999996,0.14824646249999998,0.1728875,0.301625,127.99674999999999,351812.875,4.0
Giovanni James,0.3353451100244507,0.142637793398533,5.075488997555012,-20.57790372860633,0.7099633251833741,0.07005791564792181,0.9552631418092932,0.20053134461491443,0.27230485941320204,0.22107720048899798,103.17663508557445,171631.05042787286,3.5871026894865525
Grace Risch,0.6494615384615384,0.6024615384615384,4.461538461538462,-7.549948717948717,0.5384615384615384,0.06365641025641026,0.34120000000000006,0.024610485897435894,0.22320512820512825,0.5785205128205126,110.33564102564101,233643.71794871794,3.9743589743589745
Greg Holden,0.4832954545454546,0.5622272727272729,4.045454545454546,-8.314522727272726,0.9772727272727273,0.03825454545454546,0.3979977272727273,0.0017966379545454546,0.15438863636363637,0.39614772727272723,122.35209090909092,222075.47727272726,3.8181818181818183
HIZAKI,0.2968571428571428,0.8477142857142856,6.642857142857143,-3.8725,0.2857142857142857,0.06870000000000001,0.11040851500000001,0.7320500000000001,0.22307857142857143,0.2545428571428571,120.13585714285715,278510.5,3.7857142857142856
Havana Maestros,0.6772680722891572,0.8080512048192772,6.162650602409639,-5.420406626506024,0.5602409638554217,0.1418960843373495,0.07347921385542162,0.07866035415662657,0.280747891566265,0.5759578313253012,128.31610240963857,213861.18373493975,4.0120481927710845
Hugo,0.6439473684210526,0.6414385964912279,5.368421052631579,-7.163947368421055,0.6666666666666666,0.055633333333333326,0.14591052631578955,0.03463955228070176,0.14122456140350884,0.4889649122807016,128.85859649122807,213825.33333333334,4.0
Hundred Waters,0.6573333333333334,0.5605,5.083333333333333,-7.103333333333334,0.9166666666666666,0.042083333333333334,0.221915,0.310492,0.19756666666666667,0.4116249999999999,121.28533333333333,207631.41666666666,3.9166666666666665
Icarus,0.5419024390243903,0.6563231707317071,5.969512195121951,-6.579146341463416,0.5182926829268293,0.060673170731707304,0.36191315853658534,0.02449411042682927,0.21572317073170727,0.43234085365853664,119.21790853658524,209863.86585365853,3.9878048780487805
Ida Paul,0.38987654320987647,0.31192098765432097,4.62962962962963,-17.939543209876554,0.5432098765432098,0.05830864197530863,0.6871271604938274,0.46872478518518484,0.21067901234567904,0.32792592592592595,105.98223456790123,313934.83950617287,3.617283950617284
Ilta,0.3879245283018869,0.17705660377358487,3.69811320754717,-16.607528301886795,0.5283018867924528,0.03990377358490567,0.8522452830188678,0.4925883018867924,0.11782075471698115,0.14703584905660377,108.80230188679243,254788.4716981132,3.8867924528301887
In Stereo,0.6722727272727272,0.8434848484848485,5.7272727272727275,-5.057030303030302,0.6363636363636364,0.16549090909090905,0.18226060606060607,0.004944746666666667,0.22927878787878786,0.6520303030303031,122.18772727272729,194116.81818181818,3.9393939393939394
Indecent Obsession,0.52089,0.6741946666666667,6.033333333333333,-11.635799999999998,0.6333333333333333,0.057533333333333346,0.20723523333333332,0.091333123,0.2592333333333333,0.47574000000000005,112.4904,233148.9,3.7
Indian Askin,0.5474799999999999,0.71132,5.08,-9.065920000000002,0.52,0.071888,0.12625371999999996,0.28645104800000004,0.26293600000000006,0.63208,127.06587999999999,218411.64,4.0
Irama,0.6477333333333333,0.6923999999999999,5.533333333333333,-6.591966666666666,0.8,0.07673,0.25932366666666673,2.5061999999999998e-05,0.17207666666666663,0.4631300000000001,111.06009999999999,199836.06666666668,3.966666666666667
JCY,0.5419024390243903,0.6563231707317071,5.969512195121951,-6.579146341463416,0.5182926829268293,0.060673170731707304,0.36191315853658534,0.02449411042682927,0.21572317073170727,0.43234085365853664,119.21790853658524,209863.86585365853,3.9878048780487805
JOHS,0.6187211538461539,0.653786378205128,4.355769230769231,-9.608985576923075,0.8333333333333334,0.07305689102564096,0.6425478044871796,0.1110484885897436,0.25541538461538454,0.8103173076923069,128.15011217948722,171925.5496794872,3.871794871794872
Jaider White,0.6949090909090908,0.7811818181818182,6.636363636363637,-5.725363636363636,0.6363636363636364,0.10732727272727272,0.23502363636363635,1.3754545454545454e-06,0.33985454545454546,0.705,101.09109090909092,226460.63636363635,4.090909090909091
Janji,0.5551,0.7743,5.4,-5.9641,0.6,0.06257,0.044007000000000004,0.30010427,0.17089000000000001,0.3037,122.59170000000002,207636.6,4.0
Jay Style,0.7430000000000001,0.7073030303030302,7.303030303030303,-6.03551515151515,0.18181818181818182,0.08084848484848485,0.04996718181818181,0.1077658787878788,0.19612727272727273,0.4803030303030302,125.85215151515152,256755.27272727274,4.0
JayAge,0.4855925925925926,0.39118518518518525,5.962962962962963,-10.862074074074073,0.7407407407407407,0.07045555555555555,0.6256444444444446,0.02959396407407408,0.2100888888888889,0.2936962962962962,100.3522222222222,249774.8148148148,3.7037037037037037
Jazztronik,0.6211124031007751,0.6538868217054267,5.825581395348837,-9.460825581395344,0.562015503875969,0.06238255813953488,0.3624658062015505,0.4984775341472868,0.14297209302325578,0.5350620155038759,116.51745348837208,321028.38372093026,3.949612403100775
Jey M,0.7626363636363636,0.7222727272727273,5.363636363636363,-5.409,0.7272727272727273,0.1753272727272727,0.26539999999999997,0.004851962727272728,0.1767181818181818,0.5513636363636364,143.81363636363633,209880.27272727274,4.090909090909091
Jonathan Roy,0.5959047619047619,0.6612380952380952,5.619047619047619,-6.154619047619047,0.8571428571428571,0.0473047619047619,0.23132209523809516,0.003102735238095238,0.12756666666666666,0.5669999999999998,114.87966666666667,213510.52380952382,3.857142857142857
Josh Kempen,0.5111333333333333,0.5708866666666667,5.6,-10.530000000000003,0.7333333333333333,0.05728666666666666,0.44702066666666673,0.023538549333333332,0.15219333333333337,0.3068666666666668,115.51613333333333,185380.46666666667,3.8666666666666667
Jude Young,0.804,0.904,2.0,-5.484,0.0,0.0457,0.115,0.867,0.11699999999999999,0.958,127.992,131250.0,4.0
Jula,0.6454137931034484,0.6073965517241379,5.327586206896552,-6.491965517241377,0.6896551724137931,0.07276034482758617,0.2860443103448276,0.01982329275862069,0.1795810344827586,0.47841379310344834,115.3489482758621,191871.39655172414,3.8275862068965516
Julian Ovenden,0.5323035714285715,0.4884785714285714,6.428571428571429,-8.5160625,0.8392857142857143,0.08430892857142858,0.37015044642857153,0.0002158574107142857,0.1610258928571429,0.3547892857142857,118.01368749999997,190663.69642857142,3.8125
Juni,0.5906666666666667,0.5326666666666667,8.0,-9.608333333333334,0.3333333333333333,0.0389,0.4037,0.00010858000000000001,0.16196666666666668,0.7063333333333334,119.67933333333333,208576.66666666666,3.6666666666666665
KAMAU,0.64974,0.7005,5.64,-6.083900000000001,0.6,0.07277200000000002,0.062153699999999985,0.022239839400000003,0.17909399999999998,0.4624919999999998,120.44438,194274.86,3.98
Kani,0.6905229681978797,0.7825265017667846,6.134275618374558,-3.803501766784455,0.8586572438162544,0.07689823321554766,0.4004466431095407,0.002404330918727916,0.20936607773851612,0.883749116607774,130.8538480565371,181222.02826855125,3.254416961130742
Kauniit & Uhkarohkeat,0.6390000000000001,0.6497999999999998,6.4,-5.527199999999996,0.7,0.06230999999999996,0.062056,0.013951490000000007,0.29764,0.5239999999999997,119.96690000000012,205233.7,4.0
Kazumi Watanabe,0.3580362938070085,0.20225647527604404,5.468074891982718,-20.302888142102756,0.5204032645223235,0.06287037926068176,0.7946085808449357,0.7071916756649063,0.1617874699951998,0.19181469035045606,101.62386797887673,232489.3590974556,3.647143542966875
Kenn Colt,0.6625357142857143,0.724357142857143,6.214285714285714,-6.1518571428571445,0.42857142857142855,0.0801357142857143,0.09714,0.10998940428571426,0.3053642857142857,0.405642857142857,122.73364285714285,226189.0,4.0
Kenny,0.5901762589928057,0.6180071942446044,5.154676258992806,-8.378280575539572,0.9424460431654677,0.08079568345323733,0.27729778776978414,0.0033785201079136688,0.27879100719424466,0.47713992805755406,128.30287769784172,238154.94244604316,3.931654676258993
Kent Ortiz,0.6896000000000001,0.7468000000000001,5.6,-7.116199999999999,1.0,0.09341999999999999,0.10256859999999998,1.238e-06,0.23296,0.48819999999999997,113.58680000000001,181446.6,4.0
Kiefer Sutherland,0.4777906976744186,0.6931162790697674,6.232558139534884,-7.304441860465114,0.9069767441860465,0.04428604651162791,0.18559790697674416,0.0007163855813953489,0.31050232558139534,0.48530232558139513,130.97906976744184,242265.6976744186,3.813953488372093
Kita Alexander,0.6919047619047618,0.680095238095238,5.666666666666667,-6.079190476190475,0.8095238095238095,0.04328095238095237,0.203757619047619,0.0493935976190476,0.25207619047619045,0.4959523809523809,120.1517619047619,223699.80952380953,4.0
Kithara,0.6548571428571428,0.3645714285714286,6.0,-14.97242857142857,1.0,0.05047142857142857,0.20705114285714288,0.00034831428571428574,0.14494285714285712,0.30265714285714285,114.03642857142857,237782.2857142857,3.857142857142857
Klangstof,0.5210909090909093,0.47213181818181804,5.545454545454546,-9.93531818181818,0.45454545454545453,0.03753636363636364,0.277105,0.45142909090909084,0.1712136363636364,0.25792727272727284,114.17845454545456,227847.63636363635,3.772727272727273
Klyne,0.7101999999999999,0.4997,3.7,-8.5707,0.4,0.06360000000000002,0.230528,0.09211115,0.12458,0.3801,114.0456,210068.6,3.9
Kody Woah,0.7156666666666668,0.7026666666666667,3.6666666666666665,-5.501,0.3333333333333333,0.09883333333333334,0.03701326666666666,0.0,0.11333333333333333,0.4463333333333333,149.37933333333334,228376.33333333334,4.0
Kollektiv Turmstrasse,0.5965594594594593,0.45793837837837825,7.4324324324324325,-15.982405405405407,0.32432432432432434,0.0692945945945946,0.33723532432432435,0.7525608108108108,0.19480810810810806,0.28664054054054056,124.84116216216215,321334.91891891893,3.945945945945946
Kyle Watson,0.7685238095238095,0.6374285714285713,7.714285714285714,-8.319190476190474,0.38095238095238093,0.11231904761904762,0.0630657142857143,0.4506789238095238,0.17957619047619047,0.36079047619047616,117.79233333333335,298124.1904761905,4.0
L2M,0.5813333333333333,0.3891754385964912,4.456140350877193,-11.483982456140344,0.9473684210526315,0.044166666666666674,0.458840350877193,0.016378286315789473,0.2757964912280703,0.27305789473684206,119.68305263157893,230964.49122807017,3.807017543859649
LAYNE,0.43828282828282805,0.7651803030303026,5.111111111111111,-5.1636060606060585,0.6464646464646465,0.06304141414141412,0.061647346969696926,0.07670543409090913,0.3671873737373737,0.2443702020202021,123.42347474747474,267384.5202020202,3.878787878787879
LIL UZI VERT,0.7409022556390978,0.6367293233082705,5.451127819548872,-6.104729323308271,0.5789473684210527,0.21686390977443615,0.17702303759398494,8.633082706766919e-07,0.2175556390977444,0.4342954887218044,129.5227969924812,207152.4060150376,4.0
LOLO,0.7438181818181818,0.8663636363636364,6.909090909090909,-6.343272727272728,0.5454545454545454,0.06269090909090909,0.4622727272727273,3.275e-05,0.22953636363636365,0.8412727272727274,118.64372727272726,180631.54545454544,3.1818181818181817
Larry June,0.6131965317919077,0.6469595375722543,5.635838150289017,-8.404283236994225,0.4913294797687861,0.24503236994219657,0.13590287687861283,0.00016830375722543352,0.23546127167630057,0.45046589595375736,120.75721387283244,185302.08670520232,3.867052023121387
Ledinsky,0.5834545454545456,0.6007272727272727,3.727272727272727,-5.190636363636364,0.9090909090909091,0.04501818181818182,0.3689363636363636,0.01204221818181818,0.1561090909090909,0.4757272727272727,115.11054545454546,188517.63636363635,3.909090909090909
Lido,0.5479063291139242,0.5133215189873416,5.10379746835443,-10.587949367088603,0.7139240506329114,0.04106354430379747,0.44997577215189927,0.048712066936708855,0.25503898734177244,0.544215189873418,120.39550632911391,274824.82784810127,3.8734177215189876
Lili Poe,0.5435384615384614,0.5060769230769231,5.6923076923076925,-6.771076923076923,0.07692307692307693,0.06383846153846155,0.30055384615384617,0.00046384384615384623,0.10696923076923077,0.2643076923076923,106.901,213799.92307692306,3.923076923076923
Lina Maly,0.5626428571428573,0.48298214285714275,6.428571428571429,-9.317607142857142,0.42857142857142855,0.04590357142857143,0.4715728571428572,0.029135019642857148,0.15932857142857146,0.29512142857142853,118.24317857142856,222182.14285714287,3.9285714285714284
Little Rose,0.52075,0.042850000000000006,4.25,-24.33375,1.0,0.0741,0.9945,0.9450000000000001,0.105075,0.3295,134.857,204062.5,3.75
Liz Elias,0.594,0.7829999999999999,6.0,-2.707,1.0,0.040999999999999995,0.0251,0.0,0.0635,0.267,98.96799999999999,220606.0,4.0
Locnville,0.6138676470588237,0.786941176470588,5.602941176470588,-6.321808823529412,0.5294117647058824,0.06625588235294119,0.13397836764705887,0.016440821029411763,0.15812794117647064,0.555470588235294,128.75664705882352,220355.60294117648,4.0
Loosid,0.7145882352941177,0.3223764705882353,5.0588235294117645,-11.902705882352942,0.29411764705882354,0.11442941176470589,0.5060529411764705,0.3776796411764705,0.21273529411764705,0.2451294117647059,95.18235294117646,123602.58823529411,3.823529411764706
Lorena Ares,0.847,0.726,11.0,-4.127,0.0,0.0523,0.0746,4.98e-06,0.0572,0.922,124.976,195677.0,4.0
Los Chiquitos De Algeciras,0.4941034482758621,0.3954137931034482,6.724137931034483,-10.818655172413793,0.41379310344827586,0.07814482758620692,0.8105068965517243,0.0025713475862068963,0.10142758620689656,0.4639310344827586,107.21124137931034,233399.93103448275,3.413793103448276
Los Tamara,0.6545454545454544,0.7145454545454546,4.590909090909091,-5.15490909090909,0.9090909090909091,0.07002727272727273,0.6037272727272728,0.0004825813636363637,0.18827727272727274,0.9245454545454547,136.0042727272727,192392.9090909091,3.5454545454545454
Lucas Colman,0.587695652173913,0.7182608695652174,5.695652173913044,-6.255434782608697,0.6956521739130435,0.03302173913043479,0.18773130434782606,5.953043478260869e-06,0.16305217391304347,0.616304347826087,117.34665217391304,194961.26086956522,4.0
MARC,0.7227140077821014,0.5727359922178994,5.128404669260701,-7.888132295719845,0.5622568093385214,0.22065583657587556,0.1760931634241244,0.022866535933852145,0.21430272373540848,0.37239844357976676,129.95511673151745,209188.81128404668,3.9844357976653697
MDS,0.7227140077821014,0.5727359922178994,5.128404669260701,-7.888132295719845,0.5622568093385214,0.22065583657587556,0.1760931634241244,0.022866535933852145,0.21430272373540848,0.37239844357976676,129.95511673151745,209188.81128404668,3.9844357976653697
MORTEN,0.6513714821763606,0.6932300187617255,6.118198874296435,-7.247724202626655,0.5422138836772983,0.1876964352720452,0.16605273921200733,0.0766694176547842,0.23201144465290802,0.4687018761726083,124.55186116322689,203325.29831144464,3.917448405253283
Maan On The Moon,0.6384000000000004,0.6551999999999997,6.485714285714286,-7.157042857142856,0.5142857142857142,0.08649214285714281,0.3055182714285714,0.21421614214285709,0.2034628571428571,0.4726814285714284,125.40229285714281,238715.15,3.9714285714285715
Mafe,0.7353755868544604,0.661305164319249,5.624413145539906,-6.204028169014083,0.38967136150234744,0.24719295774647887,0.18258144131455387,1.3187793427230048e-07,0.18139624413145544,0.4888732394366198,136.68262441314562,179035.4084507042,4.004694835680751
Maga,0.7268346456692916,0.6004349842519684,5.196850393700787,-7.162582677165356,0.5826771653543307,0.1357448818897638,0.15773749448818897,0.058140911102362205,0.21784094488188993,0.2853622047244093,120.08057480314959,146696.3464566929,3.905511811023622
Maggie Lindemann,0.6030666666666666,0.6486666666666667,6.133333333333334,-5.616266666666667,0.6666666666666666,0.09691333333333334,0.2608453333333334,0.018412149333333336,0.15550666666666668,0.4083,139.1872,189298.73333333334,4.066666666666666
Mane de la Parra,0.6230999999999999,0.6454,3.5,-7.0969333333333315,1.0,0.050173333333333334,0.4488899999999999,0.0017329836666666665,0.14378333333333335,0.6134000000000001,105.9772,227688.03333333333,4.033333333333333
Mar,0.6473896103896104,0.5559627705627705,4.961038961038961,-8.185796536796541,0.5454545454545454,0.22127445887445896,0.2321368701298701,0.013537586883116884,0.1984532467532467,0.3525519480519481,122.24245021645014,243907.1168831169,3.9523809523809526
Marc Narrow,0.7441111111111111,0.6942499999999999,5.277777777777778,-6.858277777777778,0.6666666666666666,0.05808333333333333,0.06532880555555558,0.057352625,0.1650722222222222,0.4223583333333335,121.68266666666662,212239.33333333334,4.0
Marcapasos,0.5616740831295837,0.6992750611246951,5.442542787286063,-8.067183374083129,0.8337408312958435,0.0511149144254279,0.19904637136919318,0.054707420024449845,0.2796266503667481,0.5416202933985331,132.200107579462,228026.1271393643,3.9315403422982884
Maria Peszek,0.6103134328358208,0.555376119402985,5.17910447761194,-9.330999999999998,0.29850746268656714,0.09260597014925373,0.40756313432835806,0.07717628686567163,0.35525223880597007,0.4075119402985074,118.49438805970154,228751.5671641791,3.91044776119403
Maribelle,0.7463636363636366,0.5785151515151515,6.666666666666667,-10.161666666666667,0.45454545454545453,0.14094848484848488,0.2562945454545454,0.19543006969696972,0.29996363636363643,0.5213636363636363,111.28915151515149,210783.39393939395,4.0
Mariette,0.484793991416309,0.2103690987124462,4.866952789699571,-16.94023605150216,0.8025751072961373,0.13164678111587974,0.7731087124463518,0.1772530150214592,0.2970991416309014,0.3118965665236051,110.33297854077242,291847.64806866954,3.6609442060085837
Marius Samuelsen,0.5171333333333333,0.6039333333333333,5.866666666666666,-6.7421999999999995,0.6666666666666666,0.03759333333333333,0.2382273333333333,0.015671368666666664,0.13840666666666668,0.42943999999999993,114.89993333333332,140420.33333333334,3.933333333333333
Mark Rostel,0.7123999999999999,0.8378,8.4,-5.4772,0.6,0.05186,0.092576,0.000755414,0.27880000000000005,0.7296,115.7834,213257.6,4.0
Matt DeFreitas,0.5862,0.5094000000000001,5.5,-8.3735,0.5,0.08288999999999999,0.26284,1.24e-06,0.12577,0.37700000000000006,110.5316,211645.2,4.0
Matt Maltese,0.5169523809523809,0.4314285714285713,5.523809523809524,-8.966190476190475,0.8571428571428571,0.033647619047619044,0.6916666666666669,0.21847238095238092,0.16197619047619044,0.3280238095238096,113.9044761904762,197078.90476190476,3.9523809523809526
Mayker & Danny,0.6860000000000002,0.7097058823529413,5.9411764705882355,-6.7547647058823514,0.7058823529411765,0.04975294117647058,0.3964941176470588,0.0,0.17020000000000002,0.7294705882352942,123.86717647058822,213333.70588235295,4.0
Meghan Patrick,0.5529999999999999,0.6822000000000001,8.0,-4.989000000000001,1.0,0.03724,0.4382,0.0,0.1371,0.43200000000000005,113.52780000000003,211394.6,4.0
Midnight City,0.3278130268199236,0.4809865919540233,5.084291187739463,-10.099088122605348,0.6973180076628352,0.06535900383141766,0.36522965344827546,0.5767075714559399,0.21743352490421453,0.16242892720306507,115.72040421455925,246512.92720306513,3.8084291187739465
Mikko Harju,0.6019999999999999,0.5903000000000003,5.5,-8.881400000000006,0.4,0.030750000000000013,0.11766800000000006,9.459300000000001e-05,0.165,0.31121000000000015,115.67160000000004,213046.2,4.0
Mikko Kuustonen,0.6143953488372094,0.4841627906976744,5.651162790697675,-11.272633720930234,0.6686046511627907,0.03436046511627907,0.3491188197674418,0.020325193313953483,0.15414127906976738,0.5447145348837208,110.30138372093023,227840.48837209304,3.9186046511627906
Millas Mirakel,0.6415,0.5785909090909089,4.5,-12.320272727272727,0.8636363636363636,0.03564545454545455,0.3484577272727272,0.0004962659090909091,0.18557727272727273,0.6703409090909092,122.23704545454544,234548.5,4.0
Miranda Lambert,0.5409084507042256,0.6472887323943661,5.73943661971831,-6.467450704225353,0.9084507042253521,0.12257464788732411,0.23782311056338015,0.0018788328169014065,0.16572183098591545,0.4991514084507044,128.27534507042256,203919.15492957746,3.8661971830985915
Monica Geuze,0.6515,0.605,2.0,-6.4215,1.0,0.056299999999999996,0.14404999999999998,6.15e-06,0.0995,0.28800000000000003,96.1805,227366.0,4.0
Monn,0.7906122448979589,0.5756530612244897,6.0,-8.040367346938776,0.5306122448979592,0.3127918367346939,0.208729481632653,0.004882977551020408,0.19143061224489802,0.4619142857142858,126.93642857142858,193982.3469387755,4.061224489795919
Monobloco,0.5709107142857143,0.8202857142857144,6.482142857142857,-7.1353035714285715,0.5535714285714286,0.1153107142857143,0.24888392857142855,0.021801571071428574,0.4430160714285715,0.6646607142857143,127.76946428571428,280676.9464285714,3.9107142857142856
Morgane Stapleton,0.5672812500000001,0.44923124999999997,3.84375,-10.617218749999997,0.78125,0.035190625,0.3583803125,0.0303791009375,0.160028125,0.4715,116.01215624999999,240051.96875,3.75
Motez,0.7704867256637173,0.7661327433628322,5.088495575221239,-6.743628318584069,0.4424778761061947,0.0994592920353982,0.047243087610619496,0.2920091061946901,0.20963805309734515,0.5125486725663715,123.77764601769915,298050.26548672566,4.0
Mugisho,0.7038,0.6567999999999999,3.8,-6.6404,0.6,0.08571999999999999,0.08358,0.0005940520000000001,0.1456,0.4976,123.3,188466.6,4.0
My Life As Ali Thomas,0.4351999999999999,0.49514,5.7,-10.920600000000002,0.7,0.04301000000000001,0.29168000000000005,0.187205,0.10743,0.26316999999999996,121.58120000000001,274192.5,3.9
Neon Waltz,0.2892,0.6050000000000001,4.3,-6.926699999999999,0.8,0.04078,0.006183030000000001,0.000696677,0.13773,0.27549999999999997,121.60340000000001,213982.6,3.9
Nick Deboni,0.626,0.843,10.0,-4.205,1.0,0.10099999999999999,0.0272,2.78e-06,0.0605,0.293,127.954,205453.0,4.0
Niia,0.6494305239179956,0.6618943052391804,5.159453302961276,-7.5733530751708384,0.6583143507972665,0.2264656036446469,0.2655118223234626,0.0017862923006833713,0.23410569476081997,0.5798724373576303,105.01310933940769,221456.8359908884,3.8291571753986333
Nitty Gritty Dirt Band,0.5229588607594936,0.5720237974683546,5.080696202531645,-10.13382911392406,0.9177215189873418,0.06115047468354426,0.41496313291139264,0.08875831487341766,0.30161740506329104,0.6820792721518992,123.4713259493672,209923.31012658228,3.9161392405063293
Norah Benatia,0.6595714285714286,0.6555714285714284,5.357142857142857,-4.8825,0.35714285714285715,0.0772642857142857,0.34752142857142865,0.003010054285714286,0.2317214285714286,0.5525714285714286,110.99135714285715,134521.07142857142,3.9285714285714284
Out Came The Wolves,0.40889999999999993,0.8282,3.8,-7.895500000000001,0.3,0.08245999999999999,0.119878442,0.09270150000000002,0.30593000000000004,0.27954999999999997,130.8976,205816.1,3.9
PRO8L3M,0.6243444444444446,0.6354,5.722222222222222,-7.295788888888889,0.6333333333333333,0.21785777777777776,0.2733572911111112,0.17848142244444448,0.21085333333333334,0.36292666666666656,117.53867777777778,178206.54444444444,3.8777777777777778
Picture This,0.7253571428571428,0.5935,3.0,-8.355285714285714,0.6428571428571429,0.38485714285714284,0.10079714285714285,1.6071428571428572e-05,0.10509285714285713,0.39192857142857146,131.18092857142855,176658.14285714287,4.0
Pink Slip,0.7378035714285714,0.559642857142857,5.098214285714286,-7.453571428571427,0.48214285714285715,0.2670991071428571,0.0757843392857143,1.8142589285714287e-05,0.14659821428571426,0.37646696428571425,129.69775,188460.3125,4.035714285714286
Piso 21,0.6680384615384616,0.7101538461538462,6.269230769230769,-5.168,0.6538461538461539,0.08229230769230769,0.27155,4.146538461538462e-06,0.14784230769230772,0.6527307692307692,135.58803846153845,196689.46153846153,3.923076923076923
Pitingo,0.5999664804469272,0.4960391061452514,5.351955307262569,-7.395055865921783,0.5865921787709497,0.08959162011173184,0.7594301675977652,0.006470023631284911,0.15022625698324032,0.5509497206703908,112.29272625698323,231899.36312849162,3.7262569832402233
Pizzagang,0.6463284789644004,0.4855930420711983,5.048543689320389,-8.890695792880255,0.8705501618122977,0.17940080906148864,0.5850941262135928,0.009064939822006473,0.2555148867313917,0.6514487055016188,119.79616181229781,155382.59708737864,3.881877022653722
Powerkryner,0.6838611111111113,0.8325166666666667,6.205555555555556,-4.746044444444447,0.5277777777777778,0.11539611111111117,0.030492349999999998,0.027467874555555532,0.21768500000000013,0.5235944444444445,133.24542777777782,245274.48888888888,3.9722222222222223
Prince & The Revolution,0.6771285714285725,0.6069708683473383,5.313725490196078,-8.580845938375344,0.696078431372549,0.10305392156862735,0.23870211764705873,0.07159698967787113,0.23614537815126047,0.5726943977591036,117.04111064425767,284537.5532212885,3.936974789915966
RAT BOY,0.5258907103825134,0.8546229508196721,5.437158469945355,-5.124715846994535,0.6120218579234973,0.09593005464480878,0.06603914262295081,0.006804576830601092,0.3410945355191255,0.5243327868852453,135.85771038251374,202264.28415300546,3.9726775956284155
RIVRS,0.47712087912087914,0.48649890109890115,3.098901098901099,-9.023175824175823,0.967032967032967,0.03212637362637363,0.4150980879120878,0.05546134824175823,0.1636483516483517,0.352601098901099,120.27707692307696,238700.21978021978,3.879120879120879
RaeLynn,0.6072916666666667,0.7338333333333332,5.375,-4.62875,0.8333333333333334,0.03304166666666667,0.11932291666666667,0.00014234583333333332,0.13220416666666665,0.5487916666666666,133.635,205276.08333333334,3.9166666666666665
Rationale,0.6573333333333334,0.5605,5.083333333333333,-7.103333333333334,0.9166666666666666,0.042083333333333334,0.221915,0.310492,0.19756666666666667,0.4116249999999999,121.28533333333333,207631.41666666666,3.9166666666666665
Ravyn Lenae,0.6309,0.5532333333333332,6.433333333333334,-8.313533333333336,0.5666666666666667,0.15691333333333332,0.31937899999999997,0.02274955033333333,0.18439333333333335,0.4411999999999999,114.38703333333333,192885.2,4.0
Raz Simone,0.6920952380952384,0.6178809523809523,4.5476190476190474,-7.542714285714285,0.5476190476190477,0.2383833333333334,0.2449507142857143,0.0004227264285714285,0.17283571428571426,0.5750238095238094,104.61423809523814,204936.7380952381,4.023809523809524
RedOne,0.5746529411764704,0.5592294117647061,4.243697478991597,-10.223840336134455,0.5630252100840336,0.14862184873949577,0.23609267226890757,0.11502155949579833,0.19846722689075633,0.38816470588235297,113.35772268907552,245204.11764705883,3.907563025210084
Residual Kid,0.44083333333333324,0.7762500000000001,4.666666666666667,-6.5879166666666675,0.75,0.05480000000000001,0.0015178683333333335,0.18289725,0.21308333333333337,0.38100000000000006,128.83866666666665,221027.33333333334,4.0
Richard Egan,0.45138095238095244,0.1683142857142857,4.619047619047619,-21.574904761904765,0.9523809523809523,0.046552380952380956,0.9909999999999999,0.8765714285714287,0.12106666666666666,0.496047619047619,108.08657142857143,207175.85714285713,3.9523809523809526
Rituals of Mine,0.5482860465116279,0.6960465116279071,4.686046511627907,-8.173244186046512,0.4186046511627907,0.08114069767441864,0.10654569069767439,0.5674394744186048,0.21218139534883723,0.27198372093023254,120.24072093023253,307185.4069767442,4.011627906976744
Robin Paulsson,0.5635,0.8285,10.5,-4.104,0.5,0.07919999999999999,0.2803,0.032,0.1452,0.7805,106.322,173570.5,3.5
Robyn,0.6656173469387758,0.6773551020408164,4.413265306122449,-6.549683673469387,0.6122448979591837,0.10431887755102044,0.1542042877551021,0.10274062234693877,0.16583112244897977,0.5113576530612244,124.29417346938772,242746.35714285713,3.9285714285714284
Ruben Annink,0.5832499999999998,0.4552499999999999,6.357142857142857,-8.4335,0.8571428571428571,0.05575000000000001,0.4032653571428572,0.06128433928571429,0.11883571428571428,0.37271428571428583,114.09478571428572,191875.82142857142,3.8214285714285716
Rudie Edwards,0.6585,0.7635000000000001,2.5,-6.6915,0.5,0.040400000000000005,0.059645,0.39002225,0.0935,0.583,120.05199999999999,233477.0,4.0
SRNO,0.6263809523809523,0.6864285714285716,4.761904761904762,-6.259857142857144,0.14285714285714285,0.08490476190476191,0.13559261904761907,0.01813049095238095,0.20027142857142854,0.3852380952380952,115.8042380952381,270070.3333333333,3.9523809523809526
SWEAT,0.5196,0.6651,4.966666666666667,-7.714766666666665,0.26666666666666666,0.09694166666666666,0.1528209083333333,0.1308865366666667,0.2379866666666667,0.3315116666666666,115.03665000000004,222746.43333333332,3.933333333333333
Salvatore Ganacci,0.6897500000000002,0.8322708333333336,4.729166666666667,-4.821666666666668,0.3541666666666667,0.08788541666666667,0.06153250000000001,0.09742708583333333,0.12912291666666667,0.45127083333333334,127.83197916666667,218339.10416666666,3.9583333333333335
Sem Thomasson,0.7023846153846154,0.8046923076923077,2.8461538461538463,-6.842076923076923,0.7692307692307693,0.05574615384615385,0.010386615384615383,0.397248086923077,0.2153615384615385,0.4640230769230769,126.76484615384614,353680.0,4.0
Seramic,0.6636818181818183,0.5419999999999998,5.0,-7.427136363636364,0.36363636363636365,0.1218090909090909,0.25773500000000005,0.09588396681818181,0.15438636363636363,0.4303363636363637,105.4159090909091,197144.5909090909,3.727272727272727
Shado Chris,0.6035555555555555,0.39699999999999996,2.888888888888889,-13.174555555555555,1.0,0.03817777777777778,0.6966666666666667,0.004714625555555556,0.10227777777777779,0.3332666666666666,111.40922222222223,131687.55555555556,4.0
Shannon Noll,0.4710377358490567,0.7226698113207543,5.254716981132075,-4.292481132075473,0.9245283018867925,0.036148113207547176,0.061229676320754725,0.0004057557547169812,0.15418867924528304,0.41765094339622644,128.53661320754722,226413.5,3.9245283018867925
Shinova,0.5176875000000001,0.7971249999999998,5.291666666666667,-4.367395833333336,0.4375,0.039754166666666674,0.060829583333333326,0.008471326666666666,0.1599229166666667,0.4786666666666668,128.54931249999998,250393.0625,3.9375
ShockOne,0.4331925925925924,0.7668888888888888,5.537037037037037,-5.91712962962963,0.5185185185185185,0.08950000000000002,0.0973272666666667,0.48775968000000014,0.30968518518518523,0.18886481481481482,142.84457407407405,254441.24074074073,3.962962962962963
Shy Albatross,0.4024444444444445,0.31966666666666665,4.666666666666667,-13.540777777777778,0.3333333333333333,0.04273333333333334,0.5416444444444444,0.11622186333333333,0.1306888888888889,0.21355555555555558,122.16355555555555,258483.0,3.6666666666666665
Singto Numchok,0.7188837209302323,0.42167441860465105,5.093023255813954,-9.900813953488374,0.813953488372093,0.0765093023255814,0.36249767441860464,0.001297214418604651,0.15750697674418604,0.6055581395348836,117.89472093023254,227664.93023255814,3.953488372093023
Sjowgren,0.6105714285714285,0.5278571428571428,5.857142857142857,-8.160142857142857,0.7142857142857143,0.03414285714285715,0.41625335714285716,0.2358869928571428,0.1717,0.4562857142857143,120.48107142857141,204971.85714285713,3.7857142857142856
Smoky,0.532062162162162,0.43247027027027013,4.3734643734643734,-11.63298280098278,0.9213759213759214,0.039570024570024544,0.44777820638820587,0.02220496434889434,0.20729950859950846,0.4754520884520882,117.56923587223594,205388.64373464373,3.796068796068796
Smolasty,0.5906562499999999,0.58228125,5.84375,-8.74025,0.4375,0.13467187500000002,0.362768125,9.2323125e-05,0.17486249999999998,0.37359062499999984,118.56534375000001,167602.90625,3.875
Soniamiki,0.7744150943396229,0.5257547169811321,4.509433962264151,-7.742679245283017,0.5094339622641509,0.06791509433962266,0.23173396226415086,0.06579288207547171,0.11449622641509434,0.6310943396226416,123.7544339622642,182416.56603773584,3.943396226415094
Sophie Pacini,0.3391419354838709,0.06608438709677417,5.63010752688172,-26.02646021505374,0.6709677419354839,0.04853634408602154,0.9920086021505398,0.6602777056989242,0.10818258064516126,0.15809698924731178,96.44181935483859,215787.54623655914,3.617204301075269
Spectacular Sound Effects,0.34161300000000017,0.5250320000000002,4.68,-21.73643,0.68,0.19036400000000003,0.6458818799999999,0.575550319,0.3385519999999999,0.110754,103.91310999999997,57703.33,3.43
Spencer Ludwig,0.638683937823834,0.7387787564766837,5.715025906735751,-6.746352331606214,0.6994818652849741,0.06227098445595853,0.27898056994818654,0.0018403586010362688,0.12319740932642494,0.65849896373057,125.32865284974092,235432.03626943004,3.9637305699481864
Steve Earle & The Dukes,0.49275474956822096,0.5955556131260799,5.381692573402418,-10.147943005181357,0.9620034542314335,0.047855267702936084,0.2688659948704662,0.05942171435233156,0.34675544041450795,0.6082257340241798,129.18870120898103,231360.5768566494,3.9050086355785836
Steven Page,0.5126923076923078,0.48295274725274706,4.34065934065934,-9.565648351648353,0.8131868131868132,0.15842087912087915,0.34900606813186813,0.013686939340659341,0.17429450549450545,0.46208351648351653,120.51940659340663,237403.0989010989,3.8241758241758244
Strobe!,0.6124615384615386,0.6631479289940826,5.9171597633136095,-8.383828402366865,0.6153846153846154,0.0946402366863905,0.17864588520710054,0.2534712737278107,0.29880710059171584,0.5181497041420122,120.5988875739646,231463.47337278107,3.8520710059171597
Sturgill Simpson,0.5044644859813081,0.6126168224299068,5.074766355140187,-6.795831775700937,0.9065420560747663,0.05287383177570094,0.20742662616822433,0.03278068626168224,0.2066364485981308,0.49323457943925275,113.37035514018696,206772.19626168226,3.8411214953271027
Super Duper,0.5775131578947369,0.7086710526315789,5.052631578947368,-5.890276315789471,0.6578947368421053,0.0599973684210526,0.11636197368421046,0.06205954289473683,0.21972763157894734,0.4421828947368421,123.4098947368421,218622.92105263157,4.0
Sweem,0.680263157894737,0.7623289473684215,4.131578947368421,-4.826802631578949,0.5394736842105263,0.06477105263157897,0.14311073684210526,0.012081021052631577,0.1498421052631579,0.5320434210526316,124.48053947368425,199179.67105263157,3.986842105263158
THEY.,0.5841438848920867,0.7685179856115109,4.748201438848921,-4.615776978417265,0.8776978417266187,0.050448920863309335,0.10342351582733814,1.3898561151079137e-06,0.19244316546762588,0.5705035971223024,128.12564028776976,203446.98561151078,4.0
THOSEBRICKS,0.6547499999999999,0.51575,5.0,-9.343999999999998,0.25,0.0707375,0.637375,0.0008042675000000002,0.14055,0.777125,123.267625,210825.0,3.875
TRXD,0.6776153846153847,0.7415384615384616,6.153846153846154,-5.663076923076924,0.5384615384615384,0.06962307692307694,0.0884763076923077,0.00485641923076923,0.16802307692307691,0.5220769230769231,124.47638461538463,175038.6923076923,4.0
TYuS,0.7471379310344827,0.6987931034482758,6.0344827586206895,-5.284758620689654,0.4827586206896552,0.10183793103448274,0.2408231034482759,7.526586206896551e-05,0.15724827586206896,0.600793103448276,122.63958620689655,194043.72413793104,4.0
Tate Kobang,0.6796000000000002,0.69738,4.78,-7.0738,0.44,0.20689000000000005,0.15354379999999998,0.0011465960000000004,0.29298799999999997,0.4604899999999999,121.98989999999998,186431.9,3.98
Ten Tonnes,0.57925,0.7670833333333333,4.333333333333333,-3.932833333333333,0.75,0.05095,0.042170000000000006,0.0008621391666666666,0.17447499999999996,0.6825833333333334,131.9295,192837.58333333334,4.0
Teresa Cristina,0.6062971619365615,0.6641482470784643,5.065108514190317,-9.53723706176962,0.67779632721202,0.1347642737896493,0.49582921535893215,0.001985810233722871,0.4002589315525879,0.7597629382303839,106.64535058430715,214587.11352253758,3.981636060100167
Terror Jr,0.7278139534883722,0.5002558139534883,4.883720930232558,-7.647046511627909,0.627906976744186,0.10333953488372091,0.3641046511627906,0.00839934976744186,0.1817651162790698,0.4105511627906976,116.02809302325578,176744.6511627907,3.883720930232558
The Abrams,0.5257692307692307,0.8391538461538463,3.923076923076923,-4.505692307692308,0.9230769230769231,0.04926153846153846,0.06244215384615384,1.5723076923076925e-06,0.1727076923076923,0.5934615384615385,142.99984615384616,199511.53846153847,4.0
The Great Kat,0.3335714285714286,0.9765714285714286,4.0,-1.968,0.42857142857142855,0.14778571428571427,0.13086485714285714,0.6794857142857144,0.25224285714285716,0.17752857142857142,112.41100000000002,64853.42857142857,3.857142857142857
The Head and the Heart,0.47712087912087914,0.48649890109890115,3.098901098901099,-9.023175824175823,0.967032967032967,0.03212637362637363,0.4150980879120878,0.05546134824175823,0.1636483516483517,0.352601098901099,120.27707692307696,238700.21978021978,3.879120879120879
The High,0.58503125,0.6326562499999998,4.25,-6.828031250000001,0.59375,0.03249375,0.20115312500000002,0.1059525303125,0.17111874999999996,0.5493437499999999,127.63487500000001,231808.34375,3.90625
The Hunna,0.49749090909090904,0.6890181818181821,4.109090909090909,-5.9698,0.8727272727272727,0.05107636363636363,0.20091799890909093,0.012074431454545459,0.15648363636363632,0.3296727272727272,129.2514363636364,206579.23636363636,3.909090909090909
The Kite String Tangle,0.5879166666666668,0.7269166666666668,5.666666666666667,-4.59875,0.3333333333333333,0.06451666666666667,0.11597416666666667,0.012381489166666667,0.15484166666666666,0.2313333333333333,117.60508333333333,208370.41666666666,3.9166666666666665
The Last Bandoleros,0.4613333333333333,0.9103333333333333,5.083333333333333,-3.685333333333333,0.9166666666666666,0.13019166666666668,0.04957675,0.0030429624999999995,0.23836666666666664,0.6196666666666667,145.38066666666666,191785.58333333334,4.0
The Mike Sammes Singers,0.4971603773584902,0.31582547169811326,4.933962264150943,-14.986160377358496,0.7122641509433962,0.08945566037735857,0.845184905660377,0.0990699839622642,0.25702547169811296,0.5543721698113206,115.8182641509434,182194.31603773584,3.792452830188679
The Monochrome Set,0.48101009389671356,0.6559190140845068,5.650234741784038,-11.097417840375593,0.6690140845070423,0.06189084507042258,0.18069232330985913,0.2415167636150235,0.2586504694835679,0.6495446009389666,128.19983802816898,191139.73004694836,3.9014084507042255
The Parakit,0.7275116279069767,0.7534883720930232,5.1395348837209305,-5.416767441860464,0.3953488372093023,0.0675813953488372,0.08544093023255812,0.13291156116279068,0.19176976744186047,0.452232558139535,120.70765116279065,208697.72093023255,4.0
The Regrettes,0.4426666666666667,0.75,6.0,-4.4877,0.9,0.09285666666666666,0.049947899999999996,0.004024789333333333,0.17233333333333334,0.5241433333333335,142.51676666666665,183522.2,3.966666666666667
The Three Degrees,0.5783292682926832,0.6248821138211383,5.662601626016261,-9.407682926829267,0.7479674796747967,0.0494613821138211,0.26815116626016255,0.034262392154471556,0.24182682926829283,0.5927857723577236,122.4168048780488,242806.9756097561,3.8536585365853657
The War On Drugs,0.39687755102040817,0.6937959183673471,4.653061224489796,-8.832285714285714,0.8367346938775511,0.04359183673469387,0.3596914897959185,0.37618862551020404,0.19756326530612248,0.33328367346938775,120.82404081632653,300226.387755102,3.877551020408163
The Weather Girls,0.6961226415094341,0.8088018867924527,5.622641509433962,-7.485075471698114,0.41509433962264153,0.0529311320754717,0.07335644528301885,0.05831185933962264,0.2189,0.7288018867924527,126.05373584905665,260687.27358490566,3.981132075471698
Thom Sonny Green,0.48996428571428574,0.5361904761904761,5.9523809523809526,-9.17757142857143,0.6428571428571429,0.05774047619047618,0.35234652380952386,0.7866904761904762,0.21890952380952372,0.15210952380952372,114.74761904761904,199923.19047619047,3.9285714285714284
Tisu,0.5821055276381912,0.7336964824120601,5.648241206030151,-7.350376884422113,0.542713567839196,0.07802663316582913,0.24101650753768833,0.005326487135678392,0.2614889447236181,0.5740115577889449,123.38840201005026,241367.34673366835,3.9547738693467336
Toni M. Mir,0.5489717948717949,0.49641487179487187,4.794871794871795,-12.088538461538459,0.7435897435897436,0.0711102564102564,0.5144930769230767,0.3241839902564103,0.1595897435897436,0.5132538461538462,112.8681794871795,121514.05128205128,4.0256410256410255
Topic,0.618625,0.6259375,4.1875,-6.5204375,0.3125,0.0469,0.19069875,0.15093935749999998,0.18218125,0.27124374999999995,120.4841875,220386.8125,4.0
Torro Torro,0.6970178571428576,0.8786696428571436,5.642857142857143,-4.879785714285712,0.7142857142857143,0.11609017857142852,0.008295846428571427,0.5495058892857142,0.17947946428571424,0.3491062500000001,128.2725267857143,264703.125,3.9910714285714284
Train,0.4841941747572813,0.6435922330097085,6.776699029126213,-5.872893203883496,0.5533980582524272,0.08521941747572813,0.32571400000000006,5.3704854368932045e-06,0.13744174757281552,0.4251708737864076,119.8514563106797,219486.36893203884,3.941747572815534
TroyBoi,0.5837857142857145,0.2817214285714286,5.0,-15.08507142857143,0.7142857142857143,0.19308571428571428,0.6568571428571428,0.12069271999999999,0.23930714285714288,0.28800714285714285,105.49428571428571,183947.64285714287,3.5714285714285716
Truls Mork,0.28298558928083184,0.1186343910308995,4.915504511894996,-24.006443806398764,0.7202625102543068,0.05456978397593651,0.9401529942575868,0.623374775326772,0.1527386929176922,0.1866873120043756,99.60858791359014,338909.9526934646,3.680339075745146
Turnstile,0.5070163934426231,0.6798524590163936,4.60655737704918,-9.418852459016389,0.6557377049180327,0.04357213114754099,0.1593459344262295,0.42204619672131155,0.2780049180327867,0.3073754098360655,122.03249180327866,256165.54098360657,3.9672131147540983
Urbano Prodigy,0.7689090909090909,0.8102727272727273,4.7272727272727275,-5.473272727272728,0.8181818181818182,0.08741818181818183,0.3025545454545454,4.200818181818182e-05,0.1894181818181818,0.6906363636363637,106.62945454545455,210106.0,4.0
Utha Likumahuwa,0.5676774193548387,0.4915483870967742,4.870967741935484,-14.077612903225807,0.9032258064516129,0.055545161290322574,0.6693838709677421,0.2037843183870968,0.2080193548387097,0.5379032258064517,116.0636129032258,278288.9032258064,4.0
VAN HOLZEN,0.4624615384615385,0.709576923076923,4.538461538461538,-6.458076923076924,0.5,0.03938846153846154,0.027602246153846155,0.2736211538461538,0.22947692307692308,0.42120384615384615,136.58261538461537,193048.34615384616,3.8846153846153846
VANT,0.4027142857142856,0.30023809523809525,5.190476190476191,-12.098190476190478,0.7142857142857143,0.03352857142857143,0.9459999999999998,0.3372592857142857,0.1495047619047619,0.14746666666666666,111.96514285714288,226678.66666666666,3.7142857142857144
VIMIC,0.48275,0.977,4.0,-2.8884999999999996,0.5,0.10887500000000001,2.0500000000000004e-05,0.2237325,0.188075,0.326025,125.63075,307200.25,4.0
Venus II,0.5706424628450104,0.48315129511677274,4.329087048832272,-12.467619957537153,0.4692144373673036,0.05313800424628453,0.5939067670912956,0.7968646482165603,0.12971762208067913,0.3415023354564759,119.13331634819535,149390.51380042464,3.8683651804670913
Virgul,0.3726666666666667,0.7833333333333333,6.0,-8.954333333333333,1.0,0.12986666666666666,0.003308,0.8016666666666666,0.34793333333333337,0.33066666666666666,114.21666666666665,68552.0,4.0
WEDNESDAY CAMPANELLA,0.6279865771812081,0.6614770469798655,5.348993288590604,-8.879369127516775,0.4161073825503356,0.08476711409395975,0.3867773154362416,0.23516779892617443,0.15513288590604027,0.5181959731543623,125.71008053691266,219805.53691275168,3.946308724832215
We Are Messengers,0.5939750000000001,0.5285500000000001,5.025,-9.497349999999999,0.775,0.35154749999999996,0.46708250000000007,1.2675e-06,0.18151500000000004,0.5194249999999999,110.54317499999998,162954.75,3.7
Willy William,0.7343075862068964,0.7280758620689655,5.972413793103448,-5.581227586206898,0.38620689655172413,0.11859586206896555,0.2001006896551724,0.021992759862068962,0.17638896551724137,0.7162027586206897,130.38449655172403,212048.8620689655,4.006896551724138
Wudstik,0.5821194029850746,0.8255074626865674,4.417910447761194,-5.264283582089553,0.5074626865671642,0.12564179104477616,0.14889865671641792,0.02609992089552239,0.1758865671641791,0.3656223880597013,141.37895522388055,200903.8208955224,3.955223880597015
Yellow Claw,0.6374528301886792,0.8436100628930818,5.616352201257862,-4.364408805031442,0.5031446540880503,0.08443773584905656,0.05192462515723272,0.16309887088050315,0.20711446540880504,0.4444559748427673,136.66393710691824,196576.99371069184,3.981132075471698
Young Spray,0.6345384615384615,0.6240615384615384,5.3538461538461535,-9.551615384615385,0.46153846153846156,0.3224569230769231,0.19056175384615387,0.014779738307692308,0.17744000000000001,0.4206076923076922,120.39092307692307,215714.3076923077,4.076923076923077
Zac Brown,0.5537272727272728,0.6391204545454543,4.916666666666667,-6.552750000000002,0.9393939393939394,0.04745681818181817,0.26456725757575755,0.008538654469696969,0.2834628787878788,0.505742424242424,134.54111363636363,253790.75757575757,3.9696969696969697
Zak & Diego,0.623313953488372,0.735593023255814,5.60077519379845,-6.567127906976746,0.3953488372093023,0.24011240310077536,0.2969077906976743,0.008780076976744189,0.3218802325581395,0.4475624031007755,114.9550387596899,232775.76356589148,3.949612403100775
Zak Abel,0.6737625899280576,0.8411007194244604,5.302158273381295,-4.5387769784172685,0.3597122302158273,0.0987014388489209,0.10107002661870507,0.1840007216546762,0.24649424460431646,0.4186877697841727,125.53900719424462,222294.56834532373,3.9928057553956835
dvsn,0.6256956521739131,0.38747826086956527,6.391304347826087,-9.933000000000002,0.5217391304347826,0.08106956521739131,0.1855473913043478,0.09963242999999998,0.1520304347826087,0.1979304347826087,120.78895652173912,256444.5652173913,3.9565217391304346
livetune+,0.5351891891891892,0.8030810810810813,3.3783783783783785,-5.299702702702703,0.8648648648648649,0.04954594594594595,0.1008376756756757,0.059948746216216216,0.17293243243243242,0.49961621621621616,132.80808108108107,317819.97297297296,4.027027027027027
