area,count_births,count_deaths,count_pop,count_breastf,count_job_seekers,ratio_low_birthweight,ratio_hosp__acc_adm,ratio_hosp_planned_adm,ratio_fires,ratio_dis_allow,count_house_sales,house_sales_prices_mean
Abbey,88,172,10791,54,265,2.16E0,1240,12916,4.19E1,6.2898E3,117,139113
"Aboyne, Upper Deeside and Donside",106,118,10299,64,80,1.59E0,1158,11410,5.15E1,2.9324E3,135,270756
"Abronhill, Kildrum and the Village",175,123,14307,59,540,2.89E0,1073,13300,9.39E1,8.3844E3,179,88059
Aird and Loch Ness,76,82,10894,50,135,0,1139,10320,4.59E1,4.1284E3,102,185252
Airdrie Central,230,168,15961,56,700,2.85E0,1700,14504,1.433E2,9.5375E3,146,126562
Airdrie North,219,217,19417,55,830,1.12E0,1369,14481,4.93E1,9318,177,110262
Airdrie South,209,168,20154,38,630,1.15E0,1107,13648,4.28E1,7.3325E3,130,92662
Airyhall / Broomhill / Garthdee,182,190,16357,126,160,1.8E0,1535,11016,1.044E2,3734,305,215660
Almond,266,217,25394,193,335,1.34E0,1252,11337,6.18E1,3.3768E3,475,241769
Almond and Earn,105,113,11822,61,115,7.6E-1,1250,7867,4.63E1,4.3322E3,108,188992
An Taobh Siar agus Nis,15,41,2871,6,60,0,1769,16686,1.179E2,5.6586E3,17,100700
Anderston / City,233,183,28996,153,880,2.74E0,1124,7300,2.228E2,5.6506E3,383,147192
Annandale East and Eskdale,85,109,11945,34,230,9.0E-1,745,7532,77,5.7707E3,94,144372
Annandale North,113,166,13704,53,255,6.4E-1,1386,13043,7.98E1,5.8194E3,135,166172
Annandale South,147,164,15032,56,340,1.81E0,1344,12077,7.32E1,6761,138,131256
Annick,142,108,12308,54,325,1.64E0,1339,13006,1.164E2,4.9087E3,154,154963
Arbroath East and Lunan,198,183,15586,74,515,1.64E0,1246,8139,5.84E1,8.3339E3,130,129891
Arbroath West and Letham,147,176,16459,70,320,1.99E0,1233,8813,7.78E1,6.0318E3,166,128583
Ardrossan and Arran,122,191,17168,36,725,2.06E0,1594,12038,1.083E2,7.5056E3,160,127451
Armadale and Blackridge,232,132,15594,80,445,3.13E0,1514,9858,7.24E1,7.5671E3,161,139181
Avondale and Stonehouse,147,182,16886,56,370,1.54E0,1028,11704,4.29E1,5.8199E3,176,152442
Ayr East,104,179,14254,45,385,9.1E-1,1477,14534,4.64E1,6.1084E3,174,144060
Ayr North,215,172,17485,43,905,2.77E0,1939,13619,1.381E2,1.02348E4,194,93867
Ayr West,104,254,15442,57,435,2.41E0,1752,15702,1.369E2,5998,238,198729
Badenoch and Strathspey,119,119,13597,68,160,2.9E-1,1316,9406,7.35E1,4.0052E3,180,198110
Baillieston,363,339,31968,97,1175,2.98E0,1640,15874,6.44E1,1.12514E4,257,113510
Ballochmyle,146,187,14645,39,560,1.03E0,1611,13577,9.23E1,10286,80,95857
Banchory and Mid Deeside,105,100,11657,81,45,1.33E0,1154,10316,5.82E1,2.3704E3,169,280002
Banff and District,110,158,11147,51,155,2.65E0,1423,12781,8.95E1,6.8841E3,97,114716
Bannockburn,139,134,11517,49,425,2.31E0,1206,6936,4.99E1,8.7236E3,108,116281
"Barraigh, Bhatarsaigh, Eirisgeigh agus Uibhist a Deas",20,38,3099,9,80,1.59E0,1551,14674,1.293E2,5.3709E3,14,88929
Barrhead,182,184,17684,57,595,2.14E0,1386,15713,1.208E2,8.6877E3,149,109294
Bathgate,315,156,21248,100,550,1.69E0,1368,9145,152,7.6521E3,138,123032
Bearsden North,101,130,14171,72,130,1.64E0,915,14944,5.63E1,2.5024E3,194,296122
Bearsden South,97,126,13159,88,125,1.74E0,1100,16579,6.83E1,2.8372E3,173,251373
Beinn na Foghla agus Uibhist a Tuath,28,44,2963,13,50,3.17E0,1928,16537,1.015E2,5.3585E3,28,82586
Bellshill,151,174,14369,33,630,2.54E0,1310,14802,1.024E2,9.0568E3,112,84594
Bishopbriggs North and Torrance,78,117,13806,50,150,4.6E-1,1128,17486,2.29E1,3959,130,175368
Bishopbriggs South,114,112,12521,52,220,1.5E0,1474,15841,3.98E1,5.5884E3,128,152609
"Bishopton, Bridge of Weir & Langbank",103,136,11627,53,155,0,1164,14706,5.25E1,4.6993E3,110,175785
Black Isle,73,67,10024,48,95,1.05E0,976,10729,3.98E1,3.6311E3,106,204712
Blairgowrie and Glens,91,149,11793,44,200,1.49E0,1201,8546,3.67E1,5.6528E3,122,157845
Blantyre  ,185,219,17895,37,725,3.31E0,1309,12649,9.15E1,1.14299E4,124,91611
Bo'ness and Blackness,159,146,15508,62,420,2.78E0,975,7393,4.52E1,6.0163E3,129,123742
Bonnybridge and Larbert,196,170,16841,113,325,1.98E0,862,6234,21,6.0224E3,292,161573
Bonnyrigg,187,161,16392,93,330,1.26E0,1353,11075,6.44E1,7025,177,183799
Bothwell and Uddingston,92,125,12022,51,210,1.63E0,1013,14255,3.32E1,5.1797E3,177,186916
Brechin and Edzell,108,152,11626,46,245,2.37E0,1220,7994,8.19E1,5116,103,162972
Bridge of Don,168,136,18393,117,120,1.22E0,1191,9939,2.71E1,3.3252E3,352,182461
"Broxburn, Uphall and Winchburgh",219,177,19004,113,420,2.97E0,1620,9922,100,6.5259E3,170,137961
"Buckhaven, Methil and Wemyss Villages",243,250,18403,45,1000,2.2E0,1694,12320,7.53E1,1.01159E4,163,77101
Buckie,104,126,10255,35,185,2.14E0,1158,11185,4.41E1,5.7498E3,100,120749
"Burntisland, Kinghorn and Western Kirkcaldy",175,126,14583,78,395,2.69E0,1229,11059,8.92E1,4.5455E3,172,146943
"Busby, Clarkston and Eaglesham",131,118,14399,54,170,1.47E0,904,12962,2.99E1,4.1902E3,187,189155
Calton,317,276,24743,118,1360,2.81E0,2081,12919,1.657E2,1.39798E4,185,92148
Cambuslang East,261,128,15430,89,545,2.27E0,1140,13657,8.82E1,8.7912E3,242,140749
Cambuslang West,188,123,16138,67,455,1.63E0,1156,15624,1.364E2,7.8286E3,152,144997
Campsie and Kirkintilloch North,120,125,12343,40,330,9.7E-1,1332,16097,8.12E1,6.5615E3,136,144598
Canal,413,390,30841,176,1575,1.85E0,1694,15047,9.34E1,1.24003E4,313,144692
Caol and Mallaig,87,100,8278,47,145,4.7E-1,1536,11186,7.26E1,5.5823E3,62,165360
Carnoustie and District,132,113,13968,52,185,1.44E0,881,8390,6.03E1,4.7401E3,128,148274
Carse of Gowrie,95,73,9828,73,100,2.66E0,879,7543,3.07E1,3.8666E3,118,167507
"Carse, Kinnaird and Tryst",221,203,19723,72,385,1.98E0,953,7146,4.26E1,6.5639E3,193,116264
Castle  ,145,126,13023,71,485,2.08E0,1141,5284,9.12E1,6.5964E3,139,150130
Castle Douglas and Glenkens,85,86,10505,32,160,1.76E0,1212,12685,3.37E1,5.5389E3,76,180935
Central Buchan,111,100,13933,63,125,2.27E0,1006,10227,7.74E1,5.1619E3,162,165585
City Centre,188,86,24212,147,575,8.9E-1,1074,7216,1.522E2,3.4187E3,430,289870
Clackmannanshire Central,128,112,8825,34,365,2.55E0,1054,7720,4.58E1,9168,51,87426
Clackmannanshire East,57,60,7229,31,195,3.09E0,1004,8091,1.004E2,5.2234E3,90,214535
Clackmannanshire North,112,111,10869,32,415,3.47E0,1040,7259,1.288E2,6.1367E3,98,110555
Clackmannanshire South,165,105,11909,39,550,2.74E0,1085,6792,80,8.6369E3,125,102777
Clackmannanshire West,165,118,12448,43,360,2.6E0,1051,7432,4.01E1,6.6141E3,128,129681
Clydebank Central,150,199,14749,36,715,2.37E0,1719,18242,2.022E2,1.13334E4,99,94045
Clydebank Waterfront,192,241,15786,47,845,2.8E0,1639,15817,1.392E2,9.4579E3,120,100164
Clydesdale East,97,116,13018,52,245,1.61E0,968,13866,3.31E1,5120,128,168150
Clydesdale North,108,168,14966,40,475,1.1E0,954,15050,5.26E1,7.1746E3,151,133348
Clydesdale South,165,158,14777,43,490,2.72E0,1055,13241,57,7.8793E3,140,110497
Clydesdale West,176,208,18934,61,520,1.35E0,873,15651,6.86E1,7.0464E3,196,129725
Coatbridge North and Glenboig,220,204,19123,50,800,2.02E0,1320,14668,1.105E2,8.7782E3,153,103588
Coatbridge South,192,140,15220,49,575,2.68E0,1150,13427,8.16E1,9.1339E3,103,85883
Coatbridge West,184,197,16064,32,625,1.38E0,1555,14223,8.31E1,1.01454E4,122,111235
Coldside,242,247,18661,101,860,2.42E0,1636,8049,2.038E2,1.06759E4,157,94769
Colinton / Fairmilehead,286,183,25143,187,350,1.07E0,1188,9357,8.35E1,3.1141E3,284,258976
Corstorphine / Murrayfield,236,281,22707,200,300,1.39E0,1313,11226,5.34E1,2.9373E3,332,228533
Cowal,53,127,6759,34,185,3.64E0,1542,19042,8.92E1,6.4753E3,131,160704
Cowdenbeath,171,170,14761,55,505,2.23E0,1345,13342,8.63E1,8.1889E3,146,107032
Craigentinny / Duddingston,327,264,26101,205,715,8.6E-1,1342,10395,1.544E2,6.5157E3,356,166964
Craigton,354,395,30047,95,1135,3.1E0,1502,16107,1.148E2,9.9823E3,240,90280
Cromarty Firth,148,132,12494,50,270,2.05E0,1176,10349,48,8.0014E3,91,137651
Culloden and Ardersier,134,56,11275,56,170,1.77E0,1055,10779,7.09E1,5485,111,153114
Cumbernauld North,163,96,18420,70,245,1.68E0,760,12910,45,5.2776E3,149,153614
Cumbernauld South,186,202,19487,56,745,3.03E0,1229,15292,1.168E2,8.5681E3,151,76656
Cumnock and New Cumnock,151,159,13692,36,575,1.48E0,1662,14165,1.003E2,9.5217E3,100,92965
Cupar,143,172,13506,78,250,2.27E0,1375,8473,5.18E1,4.6068E3,164,155827
Dalkeith,168,137,11622,72,380,3.14E0,1586,10287,1.113E2,9.3812E3,122,191885
Dalry and West Kilbride,132,104,12229,55,405,2.01E0,1441,12814,9.77E1,6.0609E3,119,145901
Dee,72,146,9839,35,145,2.04E0,1001,12368,2.91E1,5843,111,167346
Denny and Banknock,234,154,18560,62,595,1.56E0,1032,7096,5.13E1,7.2609E3,156,108309
Dingwall and Seaforth,140,118,13110,60,225,1.51E0,1181,10302,3.81E1,5.4037E3,106,147422
Doon Valley,123,150,11852,40,510,2.4E0,1615,13272,4.12E1,1.09492E4,97,100464
Drum Brae / Gyle,242,215,23297,145,385,7.7E-1,1206,10839,8.16E1,4.7144E3,340,210659
Drumchapel / Anniesland,369,331,28879,137,1415,3.17E0,1628,14656,1.732E2,1.22076E4,262,111423
Dumbarton,178,237,16804,70,660,1.26E0,1628,17538,9.14E1,8.4581E3,267,149446
Dunbar and East Linton,124,136,13349,83,240,1.05E0,1003,12332,1.497E2,4.6331E3,160,193061
Dunblane and Bridge of Allan,93,144,16927,69,175,1.46E0,980,5275,2.32E1,2.4711E3,189,254577
Dunfermline Central,194,165,17954,66,465,1.69E0,1219,11855,6.04E1,5123,200,125203
Dunfermline North,128,150,13662,69,475,2.7E0,1382,11643,1.111E2,6.3522E3,169,121271
Dunfermline South,285,115,22564,169,525,1.08E0,885,11886,4.32E1,4.4456E3,377,139236
Dunoon,76,111,8071,28,320,1.58E0,1531,15758,4.29E1,9.0468E3,108,110702
Dyce / Bucksburn / Danestone,176,225,18615,93,140,1.69E0,1257,12055,7.49E1,4.3912E3,380,177665
East Berwickshire,107,129,10556,52,185,2.05E0,1170,9609,7.14E1,6.1287E3,115,168127
East Centre,366,433,29574,143,1340,2.58E0,1857,14260,140,1.16546E4,277,89060
East End,252,240,16014,56,770,1.79E0,1643,8373,1.312E2,1.18752E4,138,88192
East Garioch,199,52,12942,104,55,2.1E-1,888,9253,6.52E1,2.0983E3,193,244557
East Kilbride Central North,176,218,18884,49,470,1.58E0,1223,11578,5.83E1,6.3084E3,279,105718
East Kilbride Central South,143,157,14447,40,365,7.8E-1,1257,11573,6.21E1,6.4252E3,127,89356
East Kilbride East,120,112,11949,38,345,1.05E0,1151,10921,1.695E2,6.6428E3,157,110788
East Kilbride South,188,204,16128,57,475,5.8E-1,1317,12046,5.99E1,7.2267E3,133,101419
East Kilbride West,167,153,14213,80,245,8.7E-1,761,10389,3.54E1,3909,181,190733
East Livingston and East Calder,231,143,20465,93,535,2.81E0,1566,9823,7.91E1,6.7099E3,147,122388
"East Mainland, South Ronaldsay and Burray",45,19,3638,28,15,0,1555,15799,0,3.4165E3,27,180630
East Neuk and Landward,86,166,11849,63,165,7.0E-1,1266,10222,5.91E1,4.4857E3,177,203938
East Sutherland and Edderton,55,93,7992,33,140,6.0E-1,1533,13782,2.49E1,6.0362E3,75,147456
Eilean a' Chèo,97,107,10229,54,245,2.61E0,1513,10299,5.86E1,5.2897E3,123,164587
Elgin City North,167,145,12123,62,210,1.81E0,1066,11815,7.42E1,5.9065E3,111,121001
Elgin City South,134,109,11025,42,150,9.3E-1,1001,12429,1.112E2,5.9172E3,104,133672
Ellon and District,180,104,14579,86,80,1,1210,10842,66,3.2972E3,201,191970
Erskine & Inchinnan,158,170,16806,46,280,3.58E0,983,15681,6.51E1,6786,126,120584
Fa'side,238,198,18900,159,470,1.86E0,1274,10547,7.24E1,5.9976E3,255,179391
Falkirk North,258,245,19746,87,810,3.34E0,1187,7007,8.69E1,8.0559E3,247,104173
Falkirk South,205,206,18913,76,690,3.73E0,1184,7323,9.03E1,7841,200,115126
Fauldhouse and the Breich Valley,156,155,16202,41,520,3.3E0,1566,10404,9.79E1,9.3508E3,104,127750
Fochabers Lhanbryde,89,93,9954,59,230,1.93E0,945,11552,7.62E1,5.2352E3,154,157564
Forfar and District,166,204,15883,65,380,2.27E0,1228,8126,8.82E1,6.2418E3,147,144685
Forres,120,155,15301,66,340,2.27E0,1033,11684,3.92E1,4.6693E3,197,159293
Fort William and Ardnamurchan,99,106,11714,53,280,1.02E0,1434,10818,5.12E1,5.7436E3,118,135413
Forth,555,281,33062,323,1335,2.78E0,1399,10376,1.508E2,6651,379,195007
Forth and Endrick,88,113,12558,56,125,1.33E0,892,10636,4.05E1,3.2321E3,154,245249
Fortissat,147,156,14510,25,675,5.1E-1,1027,11683,79,1.01083E4,100,88178
Fountainbridge / Craiglockhart,305,156,22325,257,535,2.42E0,1170,8274,1.478E2,3.0719E3,416,202921
Fraserburgh and District,166,166,15695,70,335,1.45E0,1083,10611,4.62E1,7.1006E3,148,139364
Galashiels and District,173,175,14567,88,520,2.69E0,1715,9955,1.417E2,6.1115E3,99,126748
Garscadden / Scotstounhill,382,394,29617,177,1315,2.07E0,1626,15377,1.649E2,1.01451E4,256,115987
George St / Harbour,214,79,17888,134,400,1.11E0,1318,7126,1.859E2,3.6695E3,328,136013
Giffnock and Thornliebank,137,173,14344,75,175,1.78E0,1241,15278,8.36E1,4.3932E3,180,207243
Girvan and South Carrick,103,132,9657,32,290,2.95E0,1460,16589,1.04E1,8.8259E3,96,114290
Glenrothes Central and Thornton,146,197,13976,51,520,1.61E0,1222,12796,6.86E1,7538,132,100582
"Glenrothes North, Leslie and Markinch",195,217,18453,78,550,1.8E0,1332,11267,6.63E1,7.0889E3,181,127491
Glenrothes West and Kinglassie,251,168,18384,84,640,2.41E0,1333,13308,9.33E1,7.7541E3,206,102796
Govan,427,391,30786,194,1805,3.04E0,1743,14328,3.001E2,1.00376E4,279,87360
Grangemouth,194,193,17294,40,755,3.11E0,1116,8173,6.94E1,7.7987E3,150,88970
Greater Pollok,454,378,32756,141,1320,2.5E0,1292,15259,7.26E1,9.9764E3,241,123792
Haddington and Lammermuir,141,124,13085,80,225,2.61E0,1183,12712,61,4.9164E3,131,196969
Hamilton North and East,202,253,15342,71,635,1.39E0,1342,11240,1.934E2,8.6267E3,238,122025
Hamilton South,200,185,18928,75,710,1.29E0,1145,10810,51,7800,212,128489
Hamilton West and Earnock,279,148,18539,66,625,2.72E0,1241,10928,1.199E2,7.5303E3,210,137846
Hawick and Denholm,85,84,9477,33,295,2.67E0,1223,10576,1.439E2,6837,73,167170
Hawick and Hermitage,87,140,8642,27,215,2.92E0,1385,11719,1.229E2,6.0431E3,103,104572
Hazlehead / Ashley / Queens Cross,212,187,19761,155,135,1.14E0,1083,9793,1.063E2,1.9248E3,401,280911
Heldon and Laich,143,140,15206,69,230,1.01E0,767,10647,52,4.1889E3,219,166465
Helensburgh Central,84,143,8991,43,245,2.37E0,1249,19714,1.814E2,5.0286E3,160,165255
Helensburgh and Lomond South,89,42,7347,47,110,1.83E0,889,17322,5.39E1,3.7062E3,79,183748
Highland,63,116,9327,51,120,1.17E0,1330,7841,6.44E1,3.3089E3,109,237878
Hillhead,271,198,27500,197,720,1.94E0,1150,10587,1.311E2,4.9292E3,492,221499
Hilton / Woodside / Stockethill,244,187,16052,116,350,2.4E0,1606,11739,1.805E2,6555,272,163018
"Houston, Crosslee & Linwood",166,137,16219,50,425,3.39E0,1126,15208,7.79E1,7378,134,164910
Howe of Fife and Tay Coast,110,142,15279,78,255,1.5E0,1199,10240,59,4.2017E3,144,163539
"Huntly, Strathbogie and Howe of Alford",140,162,15707,77,180,1.17E0,1229,11895,6.14E1,3.9228E3,181,208652
Inverclyde East,160,164,17070,40,670,3.76E0,1617,16832,9.37E1,9623,169,184411
Inverclyde East Central,170,198,14415,28,685,3.48E0,1641,14221,1.385E2,10267,117,96476
Inverclyde North,127,280,15553,45,520,3.78E0,1805,15986,1.414E2,9358,141,119935
Inverclyde South,113,126,11309,18,515,1.58E0,1834,16193,6.58E1,9.6997E3,78,66824
Inverclyde South West,129,85,11551,36,385,2.78E0,1296,15105,4.92E1,7457,137,172349
Inverclyde West,67,103,10792,30,260,2.8E0,1336,17464,9.27E1,5.1546E3,138,121974
Inverkeithing and Dalgety Bay,161,148,16924,91,380,6.6E-1,963,12411,7.09E1,3.5533E3,198,154130
Inverleith,323,320,32494,258,465,8.7E-1,1183,10005,7.11E1,2.7598E3,622,275224
Inverness Central,167,181,13990,83,580,1.27E0,1782,10266,1.293E2,8.9351E3,130,140890
Inverness Millburn,109,93,8758,61,100,1,1278,10795,4.96E1,4.8447E3,74,177463
Inverness Ness-Side,125,105,11824,66,185,2.72E0,1180,10314,6.72E1,4.7962E3,117,154426
Inverness South,197,86,14470,120,120,1.6E0,901,8157,1.26E1,3.9739E3,286,181245
Inverness West,108,105,8588,42,155,3.7E-1,1281,10467,2.33E1,7.2526E3,114,142742
Inverurie and District,174,150,14123,82,95,1.66E0,1296,11590,9.14E1,4.4294E3,198,172140
Irvine East,205,170,20033,54,665,2.11E0,1411,11863,5.98E1,7.4589E3,151,98958
Irvine Valley,141,139,15255,37,480,3.09E0,1586,12824,7.12E1,6.4233E3,132,116644
Irvine West,225,258,19548,49,995,2.78E0,1850,13956,1.589E2,9.3321E3,160,78348
Isle of Bute,50,92,6403,18,230,1.72E0,1785,14816,141,7.0948E3,98,98930
Jedburgh and District,67,104,9191,30,130,9.2E-1,1572,12054,7.49E1,4.5383E3,73,158711
"Johnstone North, Kilbarchan & Lochwinnoch",156,149,13895,60,455,1.88E0,1259,15146,1.891E2,9.3835E3,139,116314
"Johnstone South, Elderslie & Howwood",187,182,16459,41,605,2.27E0,1373,16176,1.399E2,8.7171E3,136,109844
Keith and Cullen,93,127,9729,41,190,2.9E0,1028,11528,6.42E1,5.0556E3,129,130779
Kelso and District,83,132,10279,40,155,1.69E0,1279,10086,2.86E1,4.0881E3,95,176060
Kilbirnie and Beith,127,140,14327,43,590,2.52E0,1699,11622,7.54E1,7.1166E3,149,111519
Kilmarnock East and Hurlford,164,145,14774,39,575,2.3E0,1651,11390,8.18E1,6.8306E3,133,88379
Kilmarnock North,165,91,12790,39,465,1.82E0,1610,11762,4.79E1,5.9266E3,85,119265
Kilmarnock South,154,115,11117,29,640,3.34E0,1812,12790,8.11E1,9.3362E3,87,67906
Kilmarnock West and Crosshouse,172,213,16297,85,675,1.4E0,1547,11551,8.48E1,6.3035E3,262,127886
Kilpatrick,168,130,12995,51,545,1.17E0,1323,14820,9.29E1,8.2554E3,71,94985
Kilsyth,138,149,12191,28,405,2.92E0,1408,15672,1.318E2,9.4198E3,140,126140
Kilwinning,194,163,17265,62,725,1.34E0,1250,11700,9.16E1,7.4635E3,204,100655
Kincorth / Nigg / Cove,201,132,15843,93,195,1.23E0,1252,12118,1.011E2,5.1355E3,283,185195
Kingswells / Sheddocksley / Summerhill,227,138,14235,95,200,2.57E0,1542,12847,1.056E2,6.2029E3,192,188338
Kinross-shire,79,123,13129,51,185,1.52E0,1090,8556,9.91E1,3.4605E3,167,206068
Kintyre and the Islands,39,77,6654,20,95,4.96E0,1697,14155,5.09E1,5.5133E3,76,136221
Kirkcaldy Central,213,185,14608,81,725,3.08E0,1769,9543,1.093E2,6.4345E3,162,98641
Kirkcaldy East,180,202,14555,72,720,1.53E0,1627,10775,6.98E1,7.4838E3,163,99593
Kirkcaldy North,220,157,16121,99,450,2.5E0,1382,10581,1.167E2,5.4729E3,164,117141
Kirkintilloch East and Twechar,139,124,12694,57,505,1.89E0,1236,15239,2.94E1,9.3809E3,195,190430
Kirkwall East,47,33,4906,21,65,2.03E0,1700,20371,0,4.4595E3,48,118917
Kirkwall West and Orphir,36,60,3575,21,35,0,1628,26087,1.071E2,5.9116E3,49,138397
Kirriemuir and Dean,82,110,10699,46,185,8.8E-1,1123,10637,1.292E2,5.1326E3,112,164607
Kyle,113,139,12093,55,305,1.72E0,1410,12438,3.94E1,7.0473E3,147,137524
Landward Caithness,92,88,11108,47,225,4.0E-1,1106,13519,34,5.8565E3,104,112540
Langside,315,186,22553,190,600,1.46E0,1034,12327,1.082E2,5.4518E3,393,113391
Larkhall  ,201,195,18553,46,705,1.38E0,1068,14568,4.32E1,9.5397E3,153,100718
Leaderdale and Melrose,211,106,10592,48,145,1.29E0,1337,10360,5.61E1,4.3413E3,100,194568
Leith  ,408,226,25194,296,990,1.61E0,1270,8387,2.262E2,5.9998E3,352,156968
Leith Walk,406,237,32455,362,1025,1.5E0,1113,7525,2.108E2,3939,524,161177
Lenzie and Kirkintilloch South,146,100,13591,65,240,2.79E0,1256,16471,8.97E1,5.0376E3,155,214426
Lerwick North,44,32,2211,25,50,3.9E0,1605,15828,7.29E1,5.7143E3,25,117493
Lerwick South,55,45,6215,40,60,1.12E0,1456,15310,5.46E1,3.9721E3,54,147408
Leven  ,245,181,18309,60,825,2.53E0,1340,17630,5.54E1,8.8216E3,117,90916
"Leven, Kennoway and Largo",173,221,19166,65,530,2.26E0,1331,11598,7.28E1,7.4802E3,247,124946
Liberton / Gilmerton,429,443,32751,258,1035,2.68E0,1550,11366,6.69E1,7.4634E3,332,161346
Linlithgow,148,141,16091,104,270,2.22E0,1172,10434,1.197E2,3.6921E3,186,203639
Linn,368,316,28894,128,1255,2.17E0,1332,15989,1.038E2,1.05742E4,221,118131
Livingston North,318,102,23577,126,475,1.47E0,1194,8441,6.61E1,6.2856E3,179,133767
Livingston South,245,222,23881,125,675,2.31E0,1266,8234,1.019E2,7.3623E3,230,142514
Loch a Tuath,32,24,2757,16,30,1.27E0,1185,12644,1.078E2,4804,24,103038
Lochar,118,88,11907,47,195,1.23E0,1163,12404,2.62E1,5.7487E3,148,145126
Lochee,260,253,19006,105,940,2.79E0,1468,8576,1.886E2,9.2149E3,199,128748
Lochgelly and Cardenden,165,163,12872,60,550,2.09E0,1518,13298,68,9.7826E3,123,91795
Lomond  ,121,118,11697,37,420,1.56E0,1436,18255,4.46E1,9424,110,130411
Lomond North,73,92,8573,35,160,1.32E0,1276,19489,4.91E1,4.2224E3,101,156154
Lower Braes,164,147,14241,52,300,2.54E0,903,6601,2.72E1,5.5446E3,172,119604
Lower Deeside,120,179,15274,93,50,9.2E-1,1239,10201,5.21E1,2.7275E3,245,316774
Maryfield,212,170,18116,132,885,1.7E0,1234,6223,1.891E2,7.0004E3,210,98438
Maryhill / Kelvin,338,341,28440,147,1185,2.65E0,1462,14627,1.255E2,8.6435E3,252,141335
"Maybole, North Carrick and Coylton",118,121,14443,41,375,1.63E0,1491,14648,9.06E1,6.6336E3,137,124945
Meadows / Morningside,276,249,35261,241,505,8.1E-1,1022,6622,9.71E1,2118,555,280195
Mearns,183,124,15228,94,125,1.18E0,952,9326,5.56E1,3.5396E3,216,191951
Mid Argyll ,60,83,7702,26,135,1.89E0,1416,16392,39,4.4849E3,88,147953
Mid Berwickshire,77,95,10284,38,155,1.4E0,1185,10343,1.133E2,4.9854E3,90,172157
Mid Formartine,187,78,16788,95,80,6.4E-1,958,9366,5.19E1,2973,217,221643
Mid Galloway,92,132,9659,32,220,7.8E-1,1407,13611,9.31E1,8.5183E3,96,114928
Mid and Upper Nithsdale,99,173,11351,55,315,3,1169,12224,3.87E1,7.7358E3,86,153552
Midlothian East,215,138,15300,90,420,2.07E0,1346,11230,1.095E2,6.5681E3,157,183629
Midlothian South,186,134,12675,78,435,2.49E0,1575,10337,1.108E2,8.4017E3,110,146531
Midlothian West,166,133,14352,82,290,2.08E0,1325,11276,9.81E1,6.0643E3,135,170838
Midstocket / Rosemount,174,149,14661,109,220,1.08E0,1285,9122,1.088E2,4.2686E3,361,193144
Milngavie,99,139,13595,66,170,3.4E-1,1204,17968,6.65E1,4.0164E3,179,205855
Monifeith and Sidlaw,152,198,15978,70,165,1.65E0,1062,8452,30,4.4689E3,180,171742
Montrose and District,171,172,16021,73,310,1.65E0,1218,7383,5.62E1,5.8526E3,190,137534
Mossend and Holytown,128,130,12801,31,670,3.22E0,938,13394,1.154E2,8.5064E3,121,92908
Motherwell North,215,148,18410,51,660,2.23E0,1194,13929,48,8.2195E3,113,102982
Motherwell South East and Ravenscraig,243,181,17567,48,870,2.43E0,1200,15398,1.219E2,9.6521E3,174,148189
Motherwell West,149,159,14297,53,535,1.5E0,806,13360,7.71E1,7.7724E3,131,101344
Murdostoun,210,185,20106,56,745,2.13E0,950,14300,6.06E1,8.8898E3,217,117168
Musselburgh East and Carberry,177,151,13390,67,410,1.85E0,1585,12023,8.45E1,6.5658E3,101,157842
Musselburgh West,105,87,11858,74,245,2.19E0,1185,9993,1.263E2,5.3923E3,121,161627
Na Hearadh agus Ceann a Deas nan Loch,18,45,1894,6,65,0,1872,13352,1.413E2,4.9288E3,29,103000
Nairn,113,158,12279,54,180,1.43E0,1189,9831,8.15E1,5.6931E3,168,175123
"Neilston, Uplawmoor and Newton Mearns North",203,190,19398,114,285,2.36E0,1209,13984,5.83E1,4.9208E3,250,234483
"Netherlee, Stamperland and Williamwood",150,102,13114,93,100,6.1E-1,992,14147,2.84E1,2.8313E3,202,242239
Newlands / Auldburn,289,265,23146,148,930,4.15E0,1440,14257,1.596E2,7.4518E3,224,148845
Newton Mearns South,78,96,12101,64,100,1.42E0,919,15465,54,2.6074E3,196,275475
Nith,117,151,12513,50,315,3.13E0,1411,12461,8.87E1,6.8431E3,153,115864
North Berwick Coastal,95,187,12574,60,130,5.0E-1,1214,10468,8.73E1,3.2082E3,219,321233
North Coast and Cumbraes,106,237,16432,56,300,7.6E-1,1659,16562,8.05E1,5.1357E3,347,122705
North East,178,133,15858,55,705,3.53E0,1032,8566,2.001E2,9.2468E3,129,106587
North East,446,343,33029,133,1650,2.55E0,1624,15486,1.075E2,1.14387E4,255,111209
North Isles,30,31,2831,28,15,0,1061,14321,3.54E1,4.2882E3,32,72693
North Isles,14,25,2328,14,30,0,1419,13763,0,5.5986E3,27,122912
North Kincardine,180,75,14228,96,90,2.23E0,912,9348,2.81E1,2.9823E3,310,228527
North West Dumfries,183,188,15160,59,610,2.33E0,1413,11576,1.044E2,8095,108,123367
"North, West and Central Sutherland",37,56,5905,16,130,1.03E0,1372,12024,8.47E1,5.5675E3,60,111471
Northfield / Mastrick North,230,132,17468,99,485,2.7E0,1595,12747,1.192E2,9.0748E3,133,116516
Oban North and Lorn,88,100,10360,49,145,9.2E-1,1306,14286,6.17E1,4.1392E3,116,186227
Oban South and the Isles,89,99,9745,36,205,4.3E-1,1302,13761,1.929E2,4.9962E3,114,156094
Paisley East & Ralston,185,212,16748,71,545,2.28E0,1453,15719,1.601E2,7.4121E3,244,116016
Paisley North West,283,206,20095,99,1230,3.53E0,1782,14115,2.366E2,9.2426E3,180,78399
Paisley South,205,211,18416,71,655,2.29E0,1452,15636,7.95E1,7.2776E3,213,105450
Paisley South West,174,232,16503,65,665,2.16E0,1499,15018,1.102E2,7.0703E3,149,106385
Partick West,324,269,33571,241,865,1.59E0,1204,11945,1.201E2,6.8515E3,565,186328
Penicuik,138,120,13899,61,370,1.43E0,1498,11476,1.505E2,5.2053E3,97,144570
Pentland Hills,218,160,23891,147,400,1.24E0,1149,9650,5.12E1,3.7677E3,219,241900
Perth City Centre,155,202,16072,79,455,1.69E0,1635,7088,195,7.4278E3,153,127200
Perth City North,231,148,16812,96,560,1.74E0,1394,7500,9.18E1,6.7776E3,142,120758
Perth City South,115,167,14170,72,140,1.52E0,1084,7233,8.73E1,3.8478E3,170,170149
Peterhead North and Rattray,203,188,14797,72,305,1.72E0,1349,10757,1.102E2,7.1143E3,202,137337
Peterhead South and Cruden,134,118,12316,58,170,2.07E0,1155,11141,9.41E1,6.3163E3,126,135187
Pollokshields,381,177,23139,272,565,2.71E0,1006,12122,1.152E2,5.2364E3,299,181855
Portobello / Craigmillar,362,328,25543,182,885,2.94E0,1501,11116,1.408E2,8.5222E3,275,184810
Preston / Seton / Gosford,199,154,17704,72,450,1.53E0,1539,11137,1.026E2,7404,128,172990
Prestwick,110,207,14619,61,285,1.6E0,1589,14771,46,5.5006E3,242,136728
Renfrew North,151,105,13212,63,365,2.31E0,1240,15729,1.059E2,7.1625E3,192,114053
Renfrew South & Gallowhill,192,194,14320,55,545,3.71E0,1487,16998,1.396E2,9.7752E3,136,83285
Rosyth,187,117,14788,90,455,2.87E0,1086,12948,6.74E1,6.5004E3,136,101300
Rutherglen Central and North,134,140,12382,51,560,3.6E0,1587,16792,1.024E2,1.06081E4,115,77433
Rutherglen South,146,247,14899,69,490,2.95E0,1536,16363,1.161E2,8.9779E3,162,121372
Saltcoats and Stevenston,235,275,20568,51,1325,2.5E0,1968,12673,1.366E2,1.08001E4,192,82733
Selkirkshire,86,136,9824,53,205,2.15E0,1402,11328,29,4.5907E3,85,142209
Sgir'Uige agus Ceann a Tuath nan Loch,22,29,3643,9,55,0,1960,13491,0,5.5771E3,12,89929
Sgire an Rubha,21,28,2252,11,30,4.44E0,1549,12395,4.43E1,5.7072E3,14,121527
Shetland Central,42,26,2412,26,25,0,1190,15656,1.535E2,4.0225E3,22,132857
Shetland North,37,20,3279,25,30,1.82E0,1648,14713,0,4.5597E3,25,110198
Shetland South,31,27,3320,21,25,2.35E0,1147,13281,1.811E2,3.7163E3,42,116535
Shetland West,37,22,2942,25,15,1.11E0,915,13991,3.39E1,3.0992E3,37,129083
Shettleston,298,350,26539,74,1090,3.03E0,1813,16572,1.559E2,1.24258E4,183,93353
Sighthill / Gorgie,532,329,38530,288,1515,2.61E0,1458,8552,1.802E2,6.9698E3,345,109129
South Kintyre,64,127,6305,24,245,0,1460,13405,4.25E1,6.8266E3,80,115875
Southside / Newington,247,290,34270,217,555,1.49E0,1270,6803,1.369E2,3.3889E3,513,273135
Southside Central,458,295,28681,300,1600,4.03E0,1449,13987,1.529E2,9.7968E3,314,95554
Speyside Glenlivet,65,100,9337,44,120,1.17E0,1152,11464,2.13E1,4.0042E3,92,150809
Springburn,377,249,21371,165,1315,2.78E0,1934,14486,2.009E2,9.3836E3,126,72755
St Andrews,80,145,18519,51,150,1.94E0,889,5677,2.73E1,2.3671E3,201,269453
Steòrnabhagh a Deas,36,98,3246,18,105,2.97E0,1954,14408,2.44E1,5.2146E3,38,128620
Steòrnabhagh a Tuath,45,43,4835,17,85,1.32E0,2049,14871,2.53E1,5.7174E3,24,123089
Stirling East,160,122,13705,74,360,2.35E0,973,7560,8.77E1,7.7079E3,141,124241
Stirling West,105,130,11852,55,290,1.72E0,995,7030,7.34E1,5298,152,187977
Stonehaven and Lower Deeside,147,149,14810,101,105,2.17E0,1165,9399,5.48E1,3.2539E3,203,236447
Stranraer and North Rhins,122,126,9582,35,285,1.43E0,1116,13693,5.26E1,9.1489E3,70,128517
Strathallan  ,76,117,10333,47,120,1.37E0,1218,7779,7.73E1,3.8818E3,124,203406
Strathearn,80,147,11138,41,150,9.5E-1,1355,8732,5.38E1,4.4872E3,147,195513
Strathkelvin,260,138,20696,89,455,2.44E0,1062,15131,3.49E1,7.2238E3,253,158354
Strathmartine,254,203,19539,66,705,1.82E0,1094,9518,1.115E2,9.1751E3,153,108291
Strathmore,121,190,15160,74,195,8.5E-1,1292,8301,4.62E1,5.0683E3,154,190730
Strathtay,66,84,8156,43,120,3.31E0,1299,7645,2.97E1,3.8837E3,93,214672
Stromness and South Isles,27,40,2586,12,45,1.59E0,1502,17956,9.79E1,5.1282E3,24,111906
Tain and Easter Ross,115,79,9306,42,210,1.49E0,1208,10653,4.31E1,7.3363E3,89,135456
Tay Bridgehead,159,122,14132,90,220,1.17E0,1030,7241,4.94E1,4.0511E3,142,185762
The Ferry,157,277,19679,99,180,2.4E0,1223,7711,8.63E1,4.3739E3,295,184408
The Lochs,175,163,12910,53,610,2.46E0,1416,12681,1.355E2,9.1019E3,144,102274
Thorniewood,137,191,15471,29,490,2.51E0,1184,14330,5.95E1,8.3942E3,102,114933
Thurso,92,97,7604,31,200,4.7E-1,1391,12992,2.62E1,6.1651E3,84,98287
Tillydrone / Seaton / Old Aberdeen,228,132,17979,130,515,2.18E0,1378,8976,2.025E2,5.1983E3,238,139599
Torry / Ferryhill,312,212,22384,182,645,1.81E0,1545,9010,1.558E2,4.4384E3,382,167501
Troon,130,182,14927,57,310,1.41E0,1574,13998,1.574E2,5.1504E3,203,158095
Trossachs and Teith,91,110,11428,51,175,3.8E-1,960,8127,6.98E1,4.4308E3,125,204440
Troup,128,88,9838,45,195,2.31E0,931,11262,6.72E1,6983,143,167624
Turriff and District,139,114,12469,64,130,1.02E0,1247,11862,4.16E1,4.0785E3,155,154612
Tweeddale East,87,79,10387,52,160,4.6E-1,1147,10893,8.19E1,3.8981E3,150,199739
Tweeddale West,77,102,9921,50,140,1.77E0,1644,9687,9.49E1,3895,134,214228
Upper Braes,175,112,15974,70,370,1.67E0,906,6641,7.71E1,6.3036E3,176,148646
West End,163,164,20907,108,600,1.99E0,972,5047,159,4.4665E3,249,134948
West Fife and Coastal Villages,179,171,18241,67,505,1.77E0,1216,12011,2.74E1,6186,179,136474
West Garioch,126,101,10744,87,90,1.01E0,1119,9720,7.04E1,2.7181E3,251,250467
West Mainland,32,39,4497,27,40,1.04E0,1379,14143,0,4.3135E3,35,128605
"Wester Ross, Strathpeffer and Lochalsh",101,134,11848,70,180,2.85E0,1031,11374,5.92E1,4.8804E3,101,170335
Westhill and District,149,90,14260,114,70,7.9E-1,949,9097,3.77E1,1.9879E3,272,293845
Whitburn and Blackburn,221,238,19948,135,855,3.05E0,1503,10077,1.239E2,8.8299E3,277,137887
Wick,96,76,7603,20,250,1.95E0,1892,12881,7.22E1,6.9075E3,68,81549
Wigtown West,69,128,8852,23,255,5.1E-1,1256,15407,8.97E1,9341,69,98001
Wishaw,184,243,19319,63,775,2.25E0,1101,15804,1.087E2,8.9697E3,161,112133
